dataset,encoder,attack_mode,AUC_mean_clean,AUC_mean_attacked,AUC_mean_defended,F1_mean_clean,F1_mean_attacked,F1_mean_defended,DP_mean_clean,DP_mean_attacked,DP_mean_defended,EO_mean_clean,EO_mean_attacked,EO_mean_defended,selected
bail,gat,degree,0.9418414017993528,0.9421040306361408,0.9132373581532602,0.8669837989374753,0.8683969412548818,0.8272239903279426,0.0750779288748048,0.0741669554252587,0.0723601413934603,0.0521947685502935,0.0460870891481735,0.0575947532982536,1
bail,gcn,uncertainty,0.9047864952108072,0.9016646616034996,0.9014689192250354,0.8086452184190863,0.8043256775877079,0.8149580845837978,0.0624292421632595,0.0638063510595163,0.0717590682179593,0.032345001143903,0.0384557309540151,0.043849614885991,0
bail,gin,degree,0.8535745416670493,0.8509983990106316,0.8576293992769528,0.7442040466355178,0.746323986070718,0.7446567469376901,0.0943118571227279,0.0944258568581723,0.1130611921392482,0.0624449020056432,0.0655189506596507,0.0708525890337832,0
bail,sage,uncertainty,0.915550967634301,0.9170736772705428,0.917640480694762,0.8260085136502611,0.8202287054861117,0.8306060411526628,0.0243741606830135,0.0381166194109037,0.0226509728169131,0.0140334019675131,0.0195927705330588,0.0176725387020513,1
bail,sgc,uncertainty,0.88765248428857,0.8869768468774586,0.8917356002791783,0.7873150039795429,0.7852068362215704,0.8007649895122979,0.0437672356528915,0.0440866613659695,0.0694872150635652,0.0236879432624113,0.0252352627163882,0.0433432471593075,1
german,gat,uncertainty,0.566487619047619,0.5735657142857142,0.5686628571428571,0.5521472116887732,0.590143332592707,0.5904675266657472,0.0612656846699399,0.1928259683578832,0.130469176213857,0.0763655462184873,0.1826680672268907,0.1126050420168067,0
german,gcn,uncertainty,0.7426971428571428,0.7360228571428571,0.7278857142857145,0.7603773916005582,0.6745598108747133,0.6656166836165149,0.320430987452264,0.255646481178396,0.2509819967266776,0.2581932773109243,0.1977941176470588,0.1948529411764706,0
german,gin,degree,0.6833980952380952,0.6813866666666666,0.6834438095238096,0.6241708656045063,0.6853185646965342,0.6533499724589762,0.2503818876159301,0.2896481178396072,0.2741680305510093,0.228781512605042,0.2626050420168067,0.2523109243697479,1
german,sage,degree,0.6255085714285715,0.6586438095238095,0.6205180952380953,0.5717136659433394,0.5899233583331951,0.5610602889357441,0.0828423349699945,0.1114975450081833,0.1455810147299509,0.0503151260504201,0.0973739495798319,0.1397058823529411,0
german,sage,uncertainty,0.6255085714285715,0.6055238095238095,0.6139352380952381,0.5717136659433394,0.4756987764982993,0.7178149589074582,0.0828423349699945,0.069899072558647,0.1875886524822695,0.0503151260504201,0.0570378151260504,0.184453781512605,0
nba,gat,degree,0.6394871794871795,0.6035897435897436,0.6427564102564103,0.590631429891868,0.5543148384321667,0.6087006327006328,0.1383572567783094,0.1726475279106858,0.0852472089314194,0.2133333333333333,0.2566666666666667,0.1633333333333333,0
nba,gcn,uncertainty,0.6726282051282052,0.6755128205128205,0.6826923076923077,0.6028538914465907,0.5970617774499754,0.6196455261712711,0.3,0.3389154704944178,0.3562998405103668,0.2799999999999999,0.2766666666666666,0.31,1
nba,gin,degree,0.6063461538461539,0.5817948717948718,0.6095512820512821,0.57492207270038,0.4946278982425614,0.5623550298709457,0.0854066985645933,0.0814194577352472,0.0664274322169059,0.1566666666666666,0.1166666666666666,0.1433333333333333,0
nba,sage,uncertainty,0.6378846153846154,0.6315384615384615,0.6472115384615384,0.5751761734175085,0.5538704048582498,0.5749701792897626,0.069377990430622,0.0700956937799043,0.0432216905901116,0.0566666666666666,0.0799999999999999,0.06,1
nba,sgc,uncertainty,0.6825641025641026,0.6896153846153846,0.6794871794871795,0.5794754751968985,0.603861217183499,0.6271624213469564,0.2923444976076556,0.3038277511961723,0.3767942583732057,0.1866666666666666,0.2033333333333333,0.2666666666666667,1
pokec_n,gat,uncertainty,0.7556281214937497,0.7509871284408831,0.7524502795071143,0.672946344310918,0.6638167652739554,0.661489008313265,0.0111038584479363,0.0162979481188677,0.0278174495340708,0.0112703946450983,0.0319062892204713,0.0242667888519234,0
pokec_n,gcn,uncertainty,0.7548425145380107,0.7564721866425719,0.7542684410155591,0.6294498512790485,0.6526844048451306,0.642312505526785,0.0155691021607644,0.0282271160578631,0.0350734122037108,0.0259330238858896,0.0448353487260194,0.0444851285933422,1
pokec_n,gin,degree,0.6987033286004124,0.6725093417268211,0.6743611384164241,0.6243562003189816,0.6102415299845229,0.6062156140411047,0.022133291498229,0.0661552138399489,0.0190331982096816,0.0169771101858676,0.0540263362352331,0.0226925911907086,1
pokec_n,sage,degree,0.7331814165003524,0.7329893277597397,0.7276930485637405,0.6705415825026046,0.6604081992289154,0.6572735541642595,0.0139346382524132,0.0183087412022549,0.054649346186422,0.0227918003067912,0.0326788453493236,0.064202641592127,0
pokec_n,sgc,degree,0.7550988948795091,0.7503078053478697,0.7445232161356198,0.6740779410554911,0.6682072960324982,0.6557969683212259,0.0123154889804654,0.0400079934931471,0.0484767072784677,0.0195103293025479,0.0545749746000757,0.0563981911269597,0
pokec_z,gat,uncertainty,0.7878080146553699,0.7846222425769025,0.7826144263796657,0.6936801359779244,0.7062339037225396,0.6956247175554371,0.0375466074109146,0.0577414035219868,0.0848374591764813,0.0396,0.0496,0.0779142857142857,1
pokec_z,gcn,uncertainty,0.7787202503625676,0.7823693458514617,0.7796999007709335,0.6887748662048212,0.6956986247886102,0.6952355802904994,0.0487311754483188,0.0754418624671125,0.1246528319550632,0.0295714285714285,0.0595714285714285,0.1138571428571428,0
pokec_z,gin,degree,0.7185193801999847,0.7029548584077551,0.7052637203266926,0.64653070532858,0.6349169146007891,0.6264203824277479,0.0494612909647532,0.0428384653047169,0.0836914414535593,0.0484571428571428,0.0479142857142857,0.0851714285714285,0
pokec_z,sage,uncertainty,0.760128967254408,0.7338608961148003,0.7579444317227692,0.6743669287193503,0.5559006844423771,0.6606319939491704,0.0309201500045733,0.042477442820172,0.0574387579965673,0.0395428571428571,0.0451428571428571,0.0591999999999999,1
pokec_z,sgc,uncertainty,0.7743172276925425,0.77194180596901,0.7697743378368064,0.7107105934132546,0.7098567143548313,0.695695911391202,0.0332207940342514,0.0878520776279047,0.14329431672056,0.0308571428571428,0.0725142857142857,0.1392,1
