dataset,encoder,attack_mode,selected,AUC_mean_clean,AUC_mean_attacked,AUC_mean_defended,F1_mean_clean,F1_mean_attacked,F1_mean_defended,DP_mean_clean,DP_mean_attacked,DP_mean_defended,EO_mean_clean,EO_mean_attacked,EO_mean_defended
bail,gat,degree,1,0.9418414017993530,0.9421040306361410,0.918590666354428,0.8669837989374750,0.8683969412548820,0.8264029272377400,0.0750779288748048,0.0741669554252587,0.0712564485424999,0.0521947685502935,0.0460870891481735,0.0481766186227407
bail,gat,uncertainty,0,0.9418414017993530,0.9402414838385790,0.9127873668775810,0.8669837989374750,0.8653820664222540,0.8240867020653820,0.0750779288748048,0.0708327821758546,0.0705987259635431,0.0521947685502935,0.0432845268054602,0.0535705025547166
bail,gcn,degree,0,0.9047864952108070,0.9065794578982650,0.9083823119755840,0.8086452184190860,0.8110257817512910,0.8115966991635800,0.0624292421632595,0.0615054902473882,0.041069110115513,0.032345001143903,0.0369663692518874,0.0261572485319911
bail,gcn,uncertainty,1,0.9047864952108070,0.9016646616035000,0.909290731863362,0.8086452184190860,0.8043256775877080,0.8293874968528150,0.0624292421632595,0.0638063510595163,0.0403018989052574,0.032345001143903,0.0384557309540151,0.0253443148021047
bail,gin,degree,1,0.8535745416670490,0.8509983990106320,0.8550376255460350,0.7442040466355180,0.746323986070718,0.7411631523368920,0.0943118571227279,0.0944258568581723,0.1030705522310380,0.0624449020056432,0.0655189506596507,0.0709380004575612
bail,gin,uncertainty,0,0.8535745416670490,0.8662007955968200,0.859009162067266,0.7442040466355180,0.7517598777984950,0.745306561079645,0.0943118571227279,0.0893150813939779,0.103192693520976,0.0624449020056432,0.0678860672614962,0.0700061008159841
bail,sage,degree,0,0.915550967634301,0.9162253136163690,0.9191690543754760,0.8260085136502610,0.8240112767039010,0.8332080586666030,0.0243741606830135,0.0231315941199644,0.0173181108430408,0.0140334019675131,0.0190429344924883,0.0172492945931518
bail,sage,uncertainty,1,0.915550967634301,0.9170736772705430,0.9221016792786670,0.8260085136502610,0.8202287054861120,0.8281159563901090,0.0243741606830135,0.0381166194109037,0.0352892893806811,0.0140334019675131,0.0195927705330588,0.0235583009227484
bail,sgc,degree,0,0.88765248428857,0.8865173851221250,0.8954829638507010,0.7873150039795430,0.7878835658113760,0.7926687135391530,0.0437672356528915,0.0417587159564403,0.0316788065092177,0.0236879432624113,0.0247708380995957,0.0235338976588118
bail,sgc,uncertainty,1,0.88765248428857,0.8869768468774590,0.899359814707674,0.7873150039795430,0.7852068362215700,0.8039541235153960,0.0437672356528915,0.0440866613659695,0.0367659840461476,0.0236879432624113,0.0252352627163882,0.0271204148554869
german,gat,degree,0,0.566487619047619,0.5358552380952380,0.521512380952381,0.5521472116887730,0.5368168311967760,0.4768329148201100,0.0612656846699399,0.1408210583742500,0.103709765411893,0.0763655462184873,0.1932773109243700,0.1310924369747900
german,gat,uncertainty,1,0.566487619047619,0.5735657142857140,0.5421257142857140,0.5521472116887730,0.590143332592707,0.6109264395243990,0.0612656846699399,0.1928259683578830,0.0931942171303873,0.0763655462184873,0.1826680672268910,0.0911764705882352
german,gcn,degree,0,0.7426971428571430,0.7360685714285710,0.7185066666666670,0.7603773916005580,0.6564605699808380,0.6925130109252130,0.320430987452264,0.25740589198036,0.0940534642662302,0.2581932773109240,0.2170168067226890,0.0410714285714285
german,gcn,uncertainty,1,0.7426971428571430,0.7360228571428570,0.7046019047619050,0.7603773916005580,0.6745598108747130,0.6835623950473620,0.320430987452264,0.255646481178396,0.0799781778505182,0.2581932773109240,0.1977941176470590,0.0311974789915966
german,gin,degree,1,0.6833980952380950,0.6813866666666670,0.6599009523809530,0.6241708656045060,0.6853185646965340,0.7090121337543630,0.2503818876159300,0.2896481178396070,0.1550600109110750,0.228781512605042,0.2626050420168070,0.1223739495798320
german,gin,uncertainty,0,0.6833980952380950,0.6806704761904760,0.6640000000000000,0.6241708656045060,0.6221709338669880,0.6955543083157340,0.2503818876159300,0.2199399890889250,0.1548145117294050,0.228781512605042,0.203781512605042,0.1387605042016810
german,sage,degree,1,0.6255085714285720,0.6586438095238100,0.6035047619047620,0.5717136659433390,0.5899233583331950,0.4892229740227670,0.0828423349699945,0.1114975450081830,0.0458947081287506,0.0503151260504201,0.0973739495798319,0.0385504201680672
german,sage,uncertainty,1,0.6255085714285720,0.6055238095238100,0.6292342857142860,0.5717136659433390,0.4756987764982990,0.5541927935384920,0.0828423349699945,0.069899072558647,0.0916803055100927,0.0503151260504201,0.0570378151260504,0.0826680672268907
german,sgc,degree,0,0.6979123809523810,0.6878933333333330,0.6651657142857140,0.6348553159630880,0.5729335110437920,0.6869785453255730,0.2471085651936720,0.209683578832515,0.1275231860338240,0.1836134453781510,0.1821428571428570,0.0798319327731092
german,sgc,uncertainty,0,0.6979123809523810,0.6808990476190480,0.6682209523809520,0.6348553159630880,0.6007741295682550,0.6436134478913450,0.2471085651936720,0.2216721222040370,0.1726268412438630,0.1836134453781510,0.1762605042016810,0.1097689075630250
nba,gat,degree,1,0.6394871794871800,0.6035897435897440,0.621474358974359,0.590631429891868,0.5543148384321670,0.618713930487442,0.1383572567783090,0.1726475279106860,0.114274322169059,0.2133333333333330,0.2566666666666670,0.13
nba,gat,uncertainty,0,0.6394871794871800,0.6505769230769230,0.6156410256410260,0.590631429891868,0.6384537727709340,0.5761720129408530,0.1383572567783090,0.1175438596491230,0.119377990430622,0.2133333333333330,0.1566666666666670,0.2600000000000000
nba,gcn,degree,0,0.6726282051282050,0.6693589743589740,0.6809615384615390,0.6028538914465910,0.597263542207106,0.619540798391445,0.3,0.3893141945773530,0.4290271132376400,0.2800000000000000,0.37,0.39
nba,gcn,uncertainty,1,0.6726282051282050,0.6755128205128210,0.6940384615384620,0.6028538914465910,0.5970617774499750,0.657816397495203,0.3,0.3389154704944180,0.283732057416268,0.2800000000000000,0.2766666666666670,0.18
nba,gin,degree,1,0.6063461538461540,0.5817948717948720,0.6005128205128210,0.57492207270038,0.4946278982425610,0.4998067695341300,0.0854066985645933,0.0814194577352472,0.0728867623604465,0.1566666666666670,0.1166666666666670,0.1300000000000000
nba,gin,uncertainty,0,0.6063461538461540,0.5877564102564100,0.6142948717948720,0.57492207270038,0.5002683927982050,0.5663136110435720,0.0854066985645933,0.0827751196172249,0.0636363636363636,0.1566666666666670,0.1033333333333330,0.1333333333333330
nba,sage,degree,0,0.6378846153846150,0.6311538461538460,0.6392948717948720,0.5751761734175090,0.5323641192231130,0.561819062965746,0.069377990430622,0.0761562998405103,0.0585326953748006,0.0566666666666666,0.1233333333333330,0.0999999999999999
nba,sage,uncertainty,1,0.6378846153846150,0.6315384615384620,0.6501923076923080,0.5751761734175090,0.5538704048582500,0.5734167638462060,0.069377990430622,0.0700956937799043,0.033652312599681,0.0566666666666666,0.0799999999999999,0.0833333333333333
nba,sgc,degree,0,0.6825641025641030,0.6651923076923080,0.6791666666666670,0.5794754751968990,0.5573941537502450,0.6170352353241160,0.2923444976076560,0.3859649122807020,0.4136363636363640,0.1866666666666670,0.2766666666666670,0.3033333333333330
nba,sgc,uncertainty,1,0.6825641025641030,0.6896153846153850,0.6985897435897440,0.5794754751968990,0.603861217183499,0.6560872077984180,0.2923444976076560,0.3038277511961720,0.2486443381180220,0.1866666666666670,0.2033333333333330,0.12
pokec_n,gat,degree,0,0.7556281214937500,0.7522355190822770,0.7505012593541380,0.672946344310918,0.6524701159435800,0.6567236793862000,0.0111038584479363,0.0161517120176006,0.023766728205358,0.0112703946450983,0.0319413510767575,0.0302826862163077
pokec_n,gat,uncertainty,1,0.7556281214937500,0.7509871284408830,0.754445263603838,0.672946344310918,0.6638167652739550,0.6634918992972550,0.0111038584479363,0.0162979481188677,0.0204597939434348,0.0112703946450983,0.0319062892204713,0.0277490686694424
pokec_n,gcn,degree,0,0.7548425145380110,0.7569472163474430,0.7494157076709730,0.6294498512790490,0.6757775859879750,0.6459438933798650,0.0155691021607644,0.0362878441941186,0.0303581850661751,0.0259330238858896,0.0497025718668446,0.0438161643126083
pokec_n,gcn,uncertainty,1,0.7548425145380110,0.7564721866425720,0.7564979198316010,0.6294498512790490,0.6526844048451310,0.6345067696056990,0.0155691021607644,0.0282271160578631,0.0176829888940871,0.0259330238858896,0.0448353487260194,0.0276661951909476
pokec_n,gin,degree,1,0.6987033286004120,0.6725093417268210,0.670756009651187,0.6243562003189820,0.6102415299845230,0.60593430840703,0.022133291498229,0.0661552138399489,0.0467137498354143,0.0169771101858676,0.0540263362352331,0.0504265195131183
pokec_n,gin,uncertainty,0,0.6987033286004120,0.6789140925203300,0.6682254690721820,0.6243562003189820,0.6151636659278720,0.6047386197632180,0.022133291498229,0.0385130421871541,0.0409023122299511,0.0169771101858676,0.0344681953104767,0.0330828535569854
pokec_n,sage,degree,1,0.7331814165003520,0.7329893277597400,0.7261855884212230,0.6705415825026050,0.6604081992289150,0.6622696862681320,0.0139346382524132,0.0183087412022549,0.0457941245957729,0.0227918003067912,0.0326788453493236,0.0611092296352372
pokec_n,sage,uncertainty,0,0.7331814165003520,0.7299663813675160,0.7228686961961220,0.6705415825026050,0.6671531195831160,0.6528933857185300,0.0139346382524132,0.0199196728644252,0.0496677004046239,0.0227918003067912,0.0293439847002808,0.0609052333804809
pokec_n,sgc,degree,1,0.7550988948795090,0.7503078053478700,0.7470214867991220,0.6740779410554910,0.6682072960324980,0.6581252950152930,0.0123154889804654,0.0400079934931471,0.0283513140238179,0.0195103293025479,0.0545749746000757,0.0455497340478514
pokec_n,sgc,uncertainty,0,0.7550988948795090,0.7494139286884520,0.7455400494474400,0.6740779410554910,0.668825800291462,0.6629192510667510,0.0123154889804654,0.0370927964245926,0.0353444999444377,0.0195103293025479,0.0470482299739028,0.0411765643365141
pokec_z,gat,degree,0,0.7878080146553700,0.7832212197542170,0.783425082054805,0.6936801359779240,0.7119502459250270,0.7034252325464670,0.0375466074109146,0.0573327648081092,0.0396717170358493,0.0396,0.0461714285714285,0.0306285714285714
pokec_z,gat,uncertainty,1,0.7878080146553700,0.7846222425769030,0.7833386764369130,0.6936801359779240,0.7062339037225400,0.691768409232804,0.0375466074109146,0.0577414035219868,0.0390313191040616,0.0396,0.0496,0.0303142857142857
pokec_z,gcn,degree,0,0.7787202503625680,0.7798512785283570,0.7763822608961150,0.6887748662048210,0.7014915441883090,0.6925614489805830,0.0487311754483188,0.0815936371804735,0.0876842102431386,0.0295714285714285,0.0612571428571428,0.0769142857142857
pokec_z,gcn,uncertainty,1,0.7787202503625680,0.7823693458514620,0.7773085108007020,0.6887748662048210,0.6956986247886100,0.6855699541177310,0.0487311754483188,0.0754418624671125,0.0745445521115241,0.0295714285714285,0.0595714285714285,0.0694571428571428
pokec_z,gin,degree,1,0.7185193801999850,0.7029548584077550,0.6898535989619110,0.64653070532858,0.6349169146007890,0.6228688438631570,0.0494612909647532,0.0428384653047169,0.0225005514874018,0.0484571428571428,0.0479142857142857,0.0235428571428571
pokec_z,gin,uncertainty,0,0.7185193801999850,0.7100210365620940,0.7026979619876350,0.64653070532858,0.631717929593354,0.6245668609897580,0.0494612909647532,0.0576280123317963,0.0276354372353532,0.0484571428571428,0.0682,0.0288857142857142
pokec_z,sage,degree,0,0.760128967254408,0.7340660102282270,0.7461920769406920,0.6743669287193500,0.5935625785545600,0.6271405621557450,0.0309201500045733,0.0395844206154061,0.022397248481392,0.0395428571428571,0.0438285714285714,0.0135714285714285
pokec_z,sage,uncertainty,1,0.760128967254408,0.7338608961148000,0.7429214869093960,0.6743669287193500,0.5559006844423770,0.6468414765034890,0.0309201500045733,0.042477442820172,0.0117039077590242,0.0395428571428571,0.0451428571428571,0.0135714285714285
pokec_z,sgc,degree,0,0.7743172276925430,0.7695653156247620,0.7670596443019620,0.7107105934132550,0.7064368605920540,0.6982934521561660,0.0332207940342514,0.0926348184933902,0.0781693039421933,0.0308571428571428,0.0724857142857142,0.0788
pokec_z,sgc,uncertainty,1,0.7743172276925430,0.77194180596901,0.7677467674223340,0.7107105934132550,0.7098567143548310,0.7045240475139450,0.0332207940342514,0.0878520776279047,0.0727046018260958,0.0308571428571428,0.0725142857142857,0.0791714285714285
