method,dataset,encoder,model,timestamp,n_seeds,AUC_mean,AUC_std,F1_mean,F1_std,ACC_mean,ACC_std,DP_mean,DP_std,EO_mean,EO_std,name
edge_adder,bail,gat,edge_adder,20260205-123430,10,0.9012138380735475,0.01542077988603185,0.7950149488812073,0.01697821598167662,0.8360881542699724,0.02072192366914672,0.05920358702872439,0.01124452684219989,0.03416533211317015,0.018138858261608454,edge_adder_bail_gat_alpha:0.5_lr_sp:0.5_env_num:2_lr:0.0077461047764892125
edge_adder,bail,gcn,edge_adder,20260205-123448,10,0.8945493945780643,0.004306589016638107,0.7980160695466771,0.0075696050673816975,0.8456664547573638,0.007450684076350207,0.07458398992963398,0.004044627117384053,0.031361244566460736,0.0041951791562836694,edge_adder_bail_gcn_alpha:0.5_lr_sp:0.5_env_num:2_lr:0.0005062309938444872
edge_adder,bail,gin,edge_adder,20260205-123500,10,0.838960405359488,0.006730371609190386,0.72765974177105,0.014489734518278402,0.7806950625132443,0.016442700861160075,0.07543311991557226,0.01075783154893157,0.05834210325631052,0.007879354413898454,edge_adder_bail_gin_alpha:0.5_lr_sp:0.5_env_num:2_lr:0.0020823316882860616
edge_adder,bail,sage,edge_adder,20260205-123509,10,0.9022634446372978,0.00466625389948999,0.8031027042664943,0.012356054978462623,0.8524687433778343,0.013574043881330683,0.10339067887264812,0.031217002378890298,0.0851849309845192,0.0221614484182354,edge_adder_bail_sage_alpha:0.5_lr_sp:0.5_env_num:2_lr:0.001108189378494277
edge_adder,bail,sgc,edge_adder,20260205-123521,10,0.8969896980313645,0.0017924914809192326,0.8025192777789367,0.007782538018996371,0.8501801229073956,0.010991946137149808,0.060593330611094655,0.002838181931571092,0.031112636315107123,0.008658495769335127,edge_adder_bail_sgc_alpha:0.5_lr_sp:0.5_env_num:2_lr:0.010293634452337637
edge_adder,german,gat,edge_adder,20260205-134546,10,0.6136838095238095,0.04850780759560699,0.672028897680996,0.2278486240214777,0.6115999999999999,0.10930251598202119,0.06059738134206218,0.0583786807262412,0.07436974789915968,0.07339092601010028,edge_adder_german_gat_alpha:0.5_lr_sp:0.5_env_num:2_lr:0.010188481328150471
edge_adder,german,gcn,edge_adder,20260205-164407,10,0.5377904761904762,0.03860050826213613,0.3473762292972996,0.3489938680089087,0.44800000000000006,0.15916783594683945,0.027086743044189853,0.04137945976836728,0.0217436974789916,0.04704205602389375,edge_adder_german_gcn_alpha:0.5_lr_sp:0.5_env_num:2_lr:0.0008574578427195729
edge_adder,german,gin,edge_adder,20260205-163901,10,0.6274209523809523,0.03668540097774533,0.5318506982713345,0.19982196825635426,0.5224000000000001,0.09501494619269117,0.03310147299509002,0.024479429173337636,0.04884453781512606,0.047650768496377026,edge_adder_german_gin_alpha:0.5_lr_sp:0.5_env_num:2_lr:0.0005997302838647427
edge_adder,german,sage,edge_adder,20260205-162344,10,0.7214400000000001,0.025178951292867915,0.7759333619602332,0.0251815277576579,0.6871999999999999,0.02872211691362597,0.054418985270049125,0.04397959211757183,0.026260504201680634,0.017918825744991578,edge_adder_german_sage_alpha:0.5_lr_sp:0.5_env_num:2_lr:0.0005335063533975847
edge_adder,german,sgc,edge_adder,20260205-163716,10,0.5432228571428572,0.03452736512396551,0.6325964716050637,0.3204245843064458,0.5963999999999999,0.15508913566075477,0.022940534642662314,0.04594917241480846,0.01974789915966386,0.04003961388471072,edge_adder_german_sgc_alpha:0.5_lr_sp:0.5_env_num:2_lr:0.002265390407383132
edge_adder,nba,gat,edge_adder,20260205-135542,10,0.7262820512820513,0.060907556513947185,0.6744862338711245,0.1155326313090584,0.6835443037974683,0.06070672814319897,0.20047846889952153,0.1442844455091604,0.22000000000000003,0.15362291495737215,edge_adder_nba_gat_alpha:0.5_lr_sp:0.5_env_num:2_lr:0.0005266946880424559
edge_adder,nba,gcn,edge_adder,20260205-171142,10,0.7566666666666666,0.01097334047514392,0.726258976787683,0.023969867437952343,0.6924050632911394,0.02267907957869484,0.2823763955342903,0.06646380044895653,0.12999999999999998,0.06574360974438676,edge_adder_nba_gcn_alpha:0.5_lr_sp:0.5_env_num:2_lr:0.0007437733361427296
edge_adder,nba,gin,edge_adder,20260205-170419,10,0.6105769230769231,0.005925587768403378,0.472373425799738,0.09194478190864916,0.5822784810126581,0.024675428721035342,0.06618819776714513,0.028803227230259732,0.08666666666666664,0.07630348761506396,edge_adder_nba_gin_alpha:0.5_lr_sp:0.5_env_num:2_lr:0.009659285727342239
edge_adder,nba,sage,edge_adder,20260205-170027,10,0.6228846153846154,0.020817153480410258,0.552712957962958,0.0587259342535809,0.581012658227848,0.023647521129454927,0.1003189792663477,0.08658157353833384,0.09999999999999999,0.09545214042184236,edge_adder_nba_sage_alpha:0.5_lr_sp:0.5_env_num:2_lr:0.0007733112465626232
edge_adder,nba,sgc,edge_adder,20260205-170833,10,0.7367307692307693,0.010665133334071852,0.6575224593470208,0.01908969036420378,0.6670886075949367,0.011392405063291148,0.37320574162679426,0.061818436935231695,0.26333333333333336,0.08749603165604457,edge_adder_nba_sgc_alpha:0.5_lr_sp:0.5_env_num:2_lr:0.0005110759834334629
edge_adder,pokec_n,gat,edge_adder,20260205-132019,10,0.6156644789318824,0.0283520786874753,0.612533691392163,0.031157182372057265,0.6269545454545454,0.020419211906340405,0.26701974374130966,0.10507341185516829,0.2369818913480885,0.08663496708582953,edge_adder_pokec_n_gat_alpha:0.5_lr_sp:0.5_env_num:2_lr:0.0014220908710879659
edge_adder,pokec_n,gcn,edge_adder,20260205-150454,10,0.7650707124866369,0.002916976831221541,0.6751246720246822,0.012485128556620798,0.6907727272727272,0.01594936460818921,0.07515218919925928,0.02602884116970482,0.07361993744646093,0.03845224814667345,edge_adder_pokec_n_gcn_alpha:0.5_lr_sp:0.5_env_num:2_lr:0.000696915699118028
edge_adder,pokec_n,gin,edge_adder,20260205-150655,10,0.6862488788272947,0.020011851005810436,0.6196641694594651,0.015370021169037296,0.6627272727272727,0.007012385736609787,0.2843349012159261,0.1047357376925221,0.2471075960714783,0.08848705771055022,edge_adder_pokec_n_gin_alpha:0.5_lr_sp:0.5_env_num:2_lr:0.00018232571507056315
edge_adder,pokec_n,sage,edge_adder,20260205-144655,10,0.7483337139528494,0.004541769112028807,0.670550675236471,0.006871061141614649,0.6644090909090908,0.008413512351131646,0.03546468248743313,0.01654282825236601,0.019723489451560848,0.014919542574894895,edge_adder_pokec_n_sage_alpha:0.5_lr_sp:0.5_env_num:2_lr:0.00032500959921404646
edge_adder,pokec_n,sgc,edge_adder,20260205-150902,10,0.7542877615931739,0.0015593911013601885,0.6765675846685089,0.004689635331886105,0.6965454545454546,0.020072389654604665,0.06590354954051424,0.03785545499456992,0.05826443811383153,0.023666505834403648,edge_adder_pokec_n_sgc_alpha:0.5_lr_sp:0.5_env_num:2_lr:0.0020289278881684258
edge_adder,pokec_z,gat,edge_adder,20260205-124958,10,0.6646170826654455,0.01617825482992072,0.6826718618479686,0.019887577658533266,0.6489867498051441,0.0108197448174559,0.16949696278401602,0.07863615908262589,0.14657142857142857,0.07670595857971305,edge_adder_pokec_z_gat_alpha:0.5_lr_sp:0.5_env_num:2_lr:0.0010929204433570861
edge_adder,pokec_z,gcn,edge_adder,20260205-132744,10,0.780407419280971,0.002127719722041439,0.7031823507340528,0.016064324527975276,0.707755261106781,0.006015839716737832,0.09565199261813936,0.013855040908935924,0.08234285714285716,0.013814396513073176,edge_adder_pokec_z_gcn_alpha:0.5_lr_sp:0.5_env_num:2_lr:0.001158493945903404
edge_adder,pokec_z,gin,edge_adder,20260205-132300,10,0.7051103274559194,0.01290146058535055,0.6442489834992202,0.015293431055281683,0.6537022603273577,0.010053049002267327,0.17013722620668137,0.037469796877750206,0.1742285714285714,0.03812135295369785,edge_adder_pokec_z_gin_alpha:0.5_lr_sp:0.5_env_num:2_lr:0.00017298223341566927
edge_adder,pokec_z,sage,edge_adder,20260205-132309,10,0.778676864361499,0.00509031579724366,0.7179848870615138,0.004794161157540361,0.7107560405300077,0.004953478361788215,0.17773214929436515,0.025063844757866705,0.1491714285714286,0.022422820008706698,edge_adder_pokec_z_sage_alpha:0.5_lr_sp:0.5_env_num:2_lr:0.00012450384838169962
edge_adder,pokec_z,sgc,edge_adder,20260205-132128,10,0.7675069078696283,0.0034667419506663323,0.6885210103100102,0.021659246328953247,0.6984801247077164,0.014754638143805517,0.0523162470878775,0.015763249310241867,0.046371428571428584,0.015203141458398706,edge_adder_pokec_z_sgc_alpha:0.5_lr_sp:0.5_env_num:2_lr:0.0034471148456421234
vanilla,bail,gat,vanilla,20260205-123913,10,0.930049143179877,0.018283253557457007,0.8429593343188048,0.022798791882113905,0.8832167832167833,0.015966617166107113,0.07257564995844752,0.009874211782324603,0.04910241744833368,0.009780718798958397,vanilla_bail_gat_alpha:0.5_lr_sp:0.5_env_num:2_lr:0.036252634794284574
vanilla,bail,gcn,vanilla,20260205-124603,10,0.883493164418241,0.005971742622538495,0.7750857537988014,0.006801685170117523,0.8246450519177791,0.006069083912532175,0.08755449270027865,0.005261249356109511,0.04296575917028902,0.0073389350663050695,vanilla_bail_gcn_alpha:0.5_lr_sp:0.5_env_num:2_lr:0.015423598487653298
vanilla,bail,gin,vanilla,20260205-124413,10,0.8329648264472423,0.014767989698400132,0.7027918338283454,0.026902939794182602,0.7433778342869253,0.04725035770223037,0.10275193528165105,0.03228979194061821,0.06434225577671016,0.02360150798320445,vanilla_bail_gin_alpha:0.5_lr_sp:0.5_env_num:2_lr:0.03662988795488364
vanilla,bail,sage,vanilla,20260205-124517,10,0.9130212398943286,0.004832940536204098,0.8068510112171985,0.028082586784010814,0.851472769654588,0.03612434610862696,0.04422887796798302,0.02516740126433764,0.017606954930221918,0.009049607916666315,vanilla_bail_sage_alpha:0.5_lr_sp:0.5_env_num:2_lr:0.033946860725703534
vanilla,bail,sgc,vanilla,20260205-124652,10,0.9009962753273151,0.004373954103372516,0.8022853700251202,0.016830411654185456,0.846683619410892,0.020193133122355166,0.04618037083792233,0.00426752708758745,0.027048730267673328,0.005498115489718873,vanilla_bail_sgc_alpha:0.5_lr_sp:0.5_env_num:2_lr:0.038482961843717946
vanilla,german,gat,vanilla,20260205-134822,10,0.5037828571428571,0.05266190985148894,0.43701818311339063,0.3864095622494379,0.504,0.19090521208180775,0.022831423895253677,0.062016983363696786,0.02804621848739496,0.07153361344537815,vanilla_german_gat_alpha:0.5_lr_sp:0.5_env_num:2_lr:0.0040875779010632
vanilla,german,gcn,vanilla,20260205-165238,10,0.5560457142857143,0.01845060417866641,0.49415512393102556,0.2783024149356885,0.496,0.11482160075525857,0.0696672122204037,0.05117634286222175,0.060504201680672276,0.04958650788268639,vanilla_german_gcn_alpha:0.5_lr_sp:0.5_env_num:2_lr:0.014400076721566254
vanilla,german,gin,vanilla,20260205-164639,10,0.7075657142857142,0.013891377250105993,0.7453873730553233,0.06561528598497704,0.6688,0.05374904650317063,0.13689307146753957,0.07191621429232374,0.1010504201680672,0.0630213584257242,vanilla_german_gin_alpha:0.5_lr_sp:0.5_env_num:2_lr:0.0016102038883533546
vanilla,german,sage,vanilla,20260205-163901,10,0.6737066666666667,0.07291388923612166,0.6107053070986492,0.19024478111342874,0.586,0.10717089157042596,0.1994271685761048,0.13598346588135204,0.20336134453781513,0.1326104604233221,vanilla_german_sage_alpha:0.5_lr_sp:0.5_env_num:2_lr:0.008248896555909517
vanilla,german,sgc,vanilla,20260205-164743,10,0.6005561904761905,0.019370821360525887,0.6871075977224897,0.005983179556137122,0.588,0.007375635565834316,0.11046099290780145,0.04070277178622927,0.10745798319327729,0.04531695706573756,vanilla_german_sgc_alpha:0.5_lr_sp:0.5_env_num:2_lr:0.03558271965216747
vanilla,nba,gat,vanilla,20260205-135812,10,0.6688461538461539,0.05088564741089611,0.6465093868916828,0.06697950395734144,0.6379746835443039,0.053465093878336395,0.23540669856459334,0.1130014158946709,0.23000000000000004,0.10159833769418782,vanilla_nba_gat_alpha:0.5_lr_sp:0.5_env_num:2_lr:0.0006118713031011232
vanilla,nba,gcn,vanilla,20260205-171938,10,0.7158974358974358,0.019008977428564743,0.696535868080185,0.035990154367132474,0.6810126582278482,0.0264311557187609,0.5111642743221692,0.06132163808138153,0.3366666666666667,0.1015983376941878,vanilla_nba_gcn_alpha:0.5_lr_sp:0.5_env_num:2_lr:0.0005602617956493825
vanilla,nba,gin,vanilla,20260205-171101,10,0.6067307692307693,0.06107750032020705,0.5523898722791266,0.20129611937040245,0.5291139240506328,0.04960991884117828,0.11244019138755983,0.08478340490793307,0.07333333333333333,0.048989794855663564,vanilla_nba_gin_alpha:0.5_lr_sp:0.5_env_num:2_lr:0.0381397720513228
vanilla,nba,sage,vanilla,20260205-170704,10,0.6527564102564102,0.01828676621331488,0.5647903304343407,0.0682197940378045,0.5860759493670886,0.03883002949412146,0.09433811802232857,0.08049412713423283,0.08666666666666666,0.07483314773547882,vanilla_nba_sage_alpha:0.5_lr_sp:0.5_env_num:2_lr:0.0006778779553232976
vanilla,nba,sgc,vanilla,20260205-171504,10,0.7345512820512822,0.01319781350807093,0.6533159812316833,0.027377816193238817,0.6670886075949367,0.01503081276840242,0.4754385964912281,0.04190026700539852,0.41000000000000003,0.09666666666666665,vanilla_nba_sgc_alpha:0.5_lr_sp:0.5_env_num:2_lr:0.005422777365223869
vanilla,pokec_n,gat,vanilla,20260205-133152,10,0.6978147061451849,0.03736573242364927,0.6366607646826397,0.034049192323033106,0.6526363636363637,0.02109972386329828,0.2960558274526063,0.207131386732,0.2673187640695659,0.1746400900473194,vanilla_pokec_n_gat_alpha:0.5_lr_sp:0.5_env_num:2_lr:0.005893711998150697
vanilla,pokec_n,gcn,vanilla,20260205-153104,10,0.7411209741211826,0.00947701916092795,0.6564861575843743,0.008464438608785544,0.6857272727272727,0.00813674453146022,0.2212697887980905,0.10265342699770529,0.20972926668924438,0.08524314963041422,vanilla_pokec_n_gcn_alpha:0.5_lr_sp:0.5_env_num:2_lr:0.012987273520401443
vanilla,pokec_n,gin,vanilla,20260205-152306,10,0.6296005729151152,0.03166013185270735,0.579014837435815,0.06127109255791187,0.6005454545454545,0.04160856555173137,0.35308267755873485,0.10747814167276842,0.34495886208339144,0.11851256529922123,vanilla_pokec_n_gin_alpha:0.5_lr_sp:0.5_env_num:2_lr:0.026249028382697385
vanilla,pokec_n,sage,vanilla,20260205-150951,10,0.6821730643842734,0.013335517713308691,0.6557444727317503,0.015800942791594802,0.6298636363636364,0.017377731071405222,0.2878119773530145,0.15185755563386621,0.24667609618104672,0.12798326128490758,vanilla_pokec_n_sage_alpha:0.5_lr_sp:0.5_env_num:2_lr:0.002106183402786513
vanilla,pokec_n,sgc,vanilla,20260205-153633,10,0.7251536544438156,0.009935592639759128,0.6560565305676664,0.012366433173123798,0.6675909090909091,0.0166825612913506,0.30121396508076137,0.04007279683934522,0.2867306811164014,0.0477175612349621,vanilla_pokec_n_sgc_alpha:0.5_lr_sp:0.5_env_num:2_lr:0.010611927763057845
vanilla,pokec_z,gat,vanilla,20260205-130151,10,0.7057475307228456,0.02046200877638245,0.6665681144970745,0.035563286875590225,0.6615744349181606,0.01109850507331414,0.40604591603402546,0.10325199424644131,0.3336571428571429,0.09749413797134425,vanilla_pokec_z_gat_alpha:0.5_lr_sp:0.5_env_num:2_lr:0.0038518302623594828
vanilla,pokec_z,gcn,vanilla,20260205-135318,10,0.755811983818029,0.004945769318200448,0.6813599752763912,0.02643611395855784,0.6696414653156664,0.03113161652577751,0.31374051038141404,0.06822327566146942,0.2624857142857143,0.06965185143385111,vanilla_pokec_z_gcn_alpha:0.5_lr_sp:0.5_env_num:2_lr:0.011782659818013594
vanilla,pokec_z,gin,vanilla,20260205-134451,10,0.6632395084344707,0.014975807316255625,0.5898571937892116,0.04453005674617729,0.6247466874512859,0.0140593021900683,0.3902316785124367,0.03586884536147311,0.38079999999999997,0.02836836409863376,vanilla_pokec_z_gin_alpha:0.5_lr_sp:0.5_env_num:2_lr:0.04606907413160195
vanilla,pokec_z,sage,vanilla,20260205-134321,10,0.698961270132051,0.024151282378396165,0.6146517902528592,0.1082099343713505,0.6157833203429462,0.03901885234670617,0.2848408219045415,0.06641193773673801,0.2604,0.07380594522814816,vanilla_pokec_z_sage_alpha:0.5_lr_sp:0.5_env_num:2_lr:0.04962229670358684
vanilla,pokec_z,sgc,vanilla,20260205-134241,10,0.7409415464468361,0.004446689766932295,0.6809167564941052,0.010175581134372735,0.6806313328137177,0.003986694567045041,0.3710056171009518,0.02688378650092572,0.2942,0.028550864027813476,vanilla_pokec_z_sgc_alpha:0.5_lr_sp:0.5_env_num:2_lr:0.004480876840832734
vanilla_advtrain,bail,gat,vanilla,20260205-124203,10,0.9342070089967643,0.014418080256916531,0.8412887679262674,0.038934547006315844,0.8779826234371688,0.039674356675061265,0.0752618057931923,0.011189648738951766,0.04974300312666822,0.01583166148634858,vanilla_bail_gat_alpha:0.5_lr_sp:0.5_env_num:2_lr:0.036252634794284574
vanilla_advtrain,bail,gcn,vanilla,20260205-125627,10,0.8867462454809548,0.0032648998412222784,0.7868572497562398,0.0073979529403874365,0.8365543547361728,0.008705346613357118,0.08301948509430546,0.006774450868285338,0.0421154579424998,0.009587420793900335,vanilla_bail_gcn_alpha:0.5_lr_sp:0.5_env_num:2_lr:0.015423598487653298
vanilla_advtrain,bail,gin,vanilla,20260205-125356,10,0.8375040369115293,0.01563302119181449,0.7068883941184211,0.023851479789535945,0.7479762661580844,0.041981693146348704,0.10879420882062843,0.016549794972671304,0.07126668191870664,0.014951524985704586,vanilla_bail_gin_alpha:0.5_lr_sp:0.5_env_num:2_lr:0.03662988795488364
vanilla_advtrain,bail,sage,vanilla,20260205-125448,10,0.9114242300404379,0.0088083456528406,0.8194301573450842,0.014669687028317445,0.8720703538885358,0.013026494206027854,0.02116881450339752,0.01605565685420187,0.01303286814611455,0.0109843376867128,vanilla_bail_sage_alpha:0.5_lr_sp:0.5_env_num:2_lr:0.033946860725703534
vanilla_advtrain,bail,sgc,vanilla,20260205-125542,10,0.9013204335834306,0.008037846872599647,0.8070667765772539,0.012650288602259668,0.853040898495444,0.013342295041622758,0.04263516418262388,0.004584270501437747,0.028215511324639675,0.0055451344061607346,vanilla_bail_sgc_alpha:0.5_lr_sp:0.5_env_num:2_lr:0.038482961843717946
vanilla_advtrain,german,gat,vanilla,20260205-135019,10,0.49764190476190473,0.05835292595360527,0.5900122549019607,0.35841287763650526,0.5836,0.17804673543763724,0.009192580469176214,0.02757774140752864,0.008298319327731094,0.02489495798319328,vanilla_german_gat_alpha:0.5_lr_sp:0.5_env_num:2_lr:0.0040875779010632
vanilla_advtrain,german,gcn,vanilla,20260205-165751,10,0.5486933333333333,0.03317965685514157,0.5734187104263204,0.23556896704205954,0.5331999999999999,0.10817837122086833,0.06388434260774685,0.04897614291535036,0.05168067226890757,0.0434289990743052,vanilla_german_gcn_alpha:0.5_lr_sp:0.5_env_num:2_lr:0.014400076721566254
vanilla_advtrain,german,gin,vanilla,20260205-165115,10,0.6937219047619048,0.018009966905480613,0.6788950839155673,0.13476873994916735,0.6267999999999999,0.08681105920330658,0.1342471358428805,0.06799365077404147,0.10409663865546222,0.055665232629713096,vanilla_german_gin_alpha:0.5_lr_sp:0.5_env_num:2_lr:0.0016102038883533546
vanilla_advtrain,german,sage,vanilla,20260205-164556,10,0.7026895238095238,0.03527946174279986,0.7387437349111928,0.0989265728747925,0.6708,0.06907503166846903,0.28674304418985275,0.10905809217738846,0.2206932773109244,0.12990640116384947,vanilla_german_sage_alpha:0.5_lr_sp:0.5_env_num:2_lr:0.008248896555909517
vanilla_advtrain,german,sgc,vanilla,20260205-165313,10,0.5996342857142858,0.01847894098329086,0.6736623419234385,0.00679012945287013,0.5788,0.0078076885183772605,0.11312056737588652,0.042343467055218645,0.09674369747899159,0.035148917258375496,vanilla_german_sgc_alpha:0.5_lr_sp:0.5_env_num:2_lr:0.03558271965216747
vanilla_advtrain,nba,gat,vanilla,20260205-140021,10,0.7153846153846154,0.042338760931161665,0.6873574279685875,0.04673148176110112,0.6734177215189874,0.03526174247388386,0.2276714513556619,0.09685647323614477,0.16666666666666669,0.10645812948447543,vanilla_nba_gat_alpha:0.5_lr_sp:0.5_env_num:2_lr:0.0006118713031011232
vanilla_advtrain,nba,gcn,vanilla,20260205-172442,10,0.7558974358974359,0.01996833456432575,0.7180421399193964,0.03849405391168196,0.7012658227848101,0.02278481012658226,0.4117224880382775,0.06297826379420661,0.22666666666666666,0.06463573143221772,vanilla_nba_gcn_alpha:0.5_lr_sp:0.5_env_num:2_lr:0.0005602617956493825
vanilla_advtrain,nba,gin,vanilla,20260205-171525,10,0.6029487179487181,0.04049658876389668,0.5356993736273606,0.18961985022198447,0.5658227848101266,0.04904144462736839,0.23724082934609259,0.12410212620594821,0.1866666666666667,0.13515423288475528,vanilla_nba_gin_alpha:0.5_lr_sp:0.5_env_num:2_lr:0.0381397720513228
vanilla_advtrain,nba,sage,vanilla,20260205-171300,10,0.644871794871795,0.0163304348754577,0.5808084690479858,0.05659318958589266,0.5924050632911392,0.03872673048298317,0.12854864433811802,0.0844036256895246,0.09,0.05587684871413406,vanilla_nba_sage_alpha:0.5_lr_sp:0.5_env_num:2_lr:0.0006778779553232976
vanilla_advtrain,nba,sgc,vanilla,20260205-171952,10,0.7489102564102564,0.017560007944957094,0.6628951590379131,0.029132758819950543,0.6835443037974683,0.02773278772178056,0.3764752791068581,0.07028812360596644,0.34,0.09521904571390465,vanilla_nba_sgc_alpha:0.5_lr_sp:0.5_env_num:2_lr:0.005422777365223869
vanilla_advtrain,pokec_n,gat,vanilla,20260205-133536,10,0.7485526529180277,0.017014995094211127,0.6312604272759447,0.015446686598018913,0.6936363636363636,0.01187747364405786,0.09870040369008032,0.09653114650744524,0.10700719166484052,0.08234402621443114,vanilla_pokec_n_gat_alpha:0.5_lr_sp:0.5_env_num:2_lr:0.005893711998150697
vanilla_advtrain,pokec_n,gcn,vanilla,20260205-155312,10,0.7570779508769142,0.007400077551211807,0.6540012918718503,0.013088678248684909,0.6963636363636363,0.0057171627940109685,0.08822313798767545,0.06769699914923161,0.08533498017809829,0.06303309557427464,vanilla_pokec_n_gcn_alpha:0.5_lr_sp:0.5_env_num:2_lr:0.012987273520401443
vanilla_advtrain,pokec_n,gin,vanilla,20260205-154326,10,0.6892341356130787,0.02194703447601772,0.5780538908142346,0.05583039250005673,0.6384545454545455,0.024727606949612933,0.20109406268355387,0.11597499548471828,0.20090124907863022,0.11788633226285276,vanilla_pokec_n_gin_alpha:0.5_lr_sp:0.5_env_num:2_lr:0.026249028382697385
vanilla_advtrain,pokec_n,sage,vanilla,20260205-152748,10,0.736183511562559,0.0073548414370927075,0.6596050369024031,0.013474180553079255,0.6669545454545455,0.0088374905753512,0.11168842932528752,0.05503690918445941,0.10276191804291093,0.05816441050106327,vanilla_pokec_n_sage_alpha:0.5_lr_sp:0.5_env_num:2_lr:0.002106183402786513
vanilla_advtrain,pokec_n,sgc,vanilla,20260205-155316,10,0.737585928992947,0.009012487539343472,0.6534729755145101,0.012546501788872958,0.6882727272727273,0.009688964498740349,0.24487188466211146,0.05732898124154105,0.2514700081678188,0.07234802231207856,vanilla_pokec_n_sgc_alpha:0.5_lr_sp:0.5_env_num:2_lr:0.010611927763057845
vanilla_advtrain,pokec_z,gat,vanilla,20260205-130646,10,0.7517688726051447,0.011864244815639862,0.6667971579769445,0.03609035566944316,0.6858924395946999,0.010897998015673855,0.09556819343487875,0.02338238655394782,0.09728571428571428,0.01916597750905368,vanilla_pokec_z_gat_alpha:0.5_lr_sp:0.5_env_num:2_lr:0.0038518302623594828
vanilla_advtrain,pokec_z,gcn,vanilla,20260205-141234,10,0.775932646362873,0.002050276330401845,0.6900684077013131,0.015273352802604463,0.7044816835541698,0.0031566640685892506,0.11342831470830347,0.01913854884084789,0.10254285714285713,0.021606291600704982,vanilla_pokec_z_gcn_alpha:0.5_lr_sp:0.5_env_num:2_lr:0.011782659818013594
vanilla_advtrain,pokec_z,gin,vanilla,20260205-140528,10,0.7111657125410273,0.01667833715721008,0.6288675465741757,0.04857524899914438,0.6450116913484022,0.019979287173916192,0.20851994232248838,0.0857901778724672,0.20842857142857146,0.08517346046361471,vanilla_pokec_z_gin_alpha:0.5_lr_sp:0.5_env_num:2_lr:0.04606907413160195
vanilla_advtrain,pokec_z,sage,vanilla,20260205-135908,10,0.7604302572322723,0.015383679374043216,0.6623735717793015,0.05790909247258778,0.6772798129384257,0.02668910045275577,0.11308074313599951,0.05167902954314067,0.10982857142857141,0.05128873051217997,vanilla_pokec_z_sage_alpha:0.5_lr_sp:0.5_env_num:2_lr:0.04962229670358684
vanilla_advtrain,pokec_z,sgc,vanilla,20260205-140446,10,0.7554815052286085,0.005207821117524359,0.6973807547074125,0.007707951718572915,0.6977396726422447,0.0047063224129229985,0.1290577366957027,0.02223948275791077,0.11137142857142857,0.018681345054926447,vanilla_pokec_z_sgc_alpha:0.5_lr_sp:0.5_env_num:2_lr:0.004480876840832734
