AUC_mean,AUC_std,F1_mean,F1_std,ACC_mean,ACC_std,DP_mean,DP_std,EO_mean,EO_std,name,dataset,encoder,model,attack_mode
0.9471509544712908,0.0061766423731738,0.8664680807778298,0.0333678221883349,0.899470226742954,0.0381784118154018,0.0714419429882704,0.0045975570019781,0.0472401433691756,0.0167670189233313,vanilla_bail_gat_alpha:0.5_lr_sp:0.5_env_num:2_lr:0.036252634794284574,bail,gat,vanilla,no_attack
0.9422937559118753,0.01360298807380712,0.8661623136945547,0.022526933904829887,0.9014197923288834,0.01920810259297809,0.07229925047375581,0.006640263983736275,0.053623884694577885,0.009298131338343533,vanilla_bail_gat_alpha:0.5_lr_sp:0.5_env_num:2_lr:0.036252634794284574,bail,gat,vanilla,tuned_nifa
0.880958921459686,0.0058971169250281,0.7734317564870532,0.0076981306833725,0.8250900614536978,0.0066979432134396,0.0866366357730918,0.0040219573449469,0.042970334782277,0.0063945858237348,vanilla_bail_gcn_alpha:0.5_lr_sp:0.5_env_num:2_lr:0.015423598487653298,bail,gcn,vanilla,no_attack
0.8761840969409777,0.014470526007484727,0.7580811242980022,0.02613608702760913,0.8160415342233523,0.00667729542118981,0.0882616037819947,0.009033400138481553,0.0467734309463891,0.006855914282783521,vanilla_bail_gcn_alpha:0.5_lr_sp:0.5_env_num:2_lr:0.015423598487653298,bail,gcn,vanilla,tuned_nifa
0.8450563235253602,0.0077882578897923,0.7206524294130885,0.0163197297652835,0.7673659673659674,0.0214957521184356,0.0941465997417707,0.0258335677581488,0.0643193777167696,0.019700071390094,vanilla_bail_gin_alpha:0.5_lr_sp:0.5_env_num:2_lr:0.03662988795488364,bail,gin,vanilla,no_attack
0.8406189828972703,0.01804534099851399,0.7159264785397805,0.04071629736502586,0.7605424878152152,0.057693995742177547,0.08951441468513574,0.02074185454590871,0.06407763288339817,0.022392264495474972,vanilla_bail_gin_alpha:0.5_lr_sp:0.5_env_num:2_lr:0.03662988795488364,bail,gin,vanilla,tuned_nifa
0.9118200769576916,0.0079255749783987,0.7982667447887564,0.0498163103872127,0.8390972663699936,0.0675967458569603,0.0516603738860628,0.0403884278902406,0.0206901548082055,0.0088665996186902,vanilla_bail_sage_alpha:0.5_lr_sp:0.5_env_num:2_lr:0.033946860725703534,bail,sage,vanilla,no_attack
0.9123046593994607,0.00819283055314222,0.8023813411784418,0.047182437235048606,0.8412799321890232,0.06135306811678557,0.049219614927836705,0.0366679257631279,0.018847708380995996,0.019104611511767726,vanilla_bail_sage_alpha:0.5_lr_sp:0.5_env_num:2_lr:0.033946860725703534,bail,sage,vanilla,tuned_nifa
0.8924167477875429,0.0048103709629462,0.7947806004170209,0.0068175697834959,0.8417461326552236,0.0083454607957279,0.0475660885743617,0.002863733399507,0.0275909402882635,0.004513629859839,vanilla_bail_sgc_alpha:0.5_lr_sp:0.5_env_num:2_lr:0.038482961843717946,bail,sgc,vanilla,no_attack
0.8864070301188038,0.0034088734048910445,0.7857146081856571,0.007889026792268982,0.8338419156600974,0.009460486661548872,0.047043195889036174,0.0057996431488502986,0.028404636620147927,0.0071022864945073,vanilla_bail_sgc_alpha:0.5_lr_sp:0.5_env_num:2_lr:0.038482961843717946,bail,sgc,vanilla,tuned_nifa
0.480487619047619,0.0551898398089774,0.5068160597572361,0.3894488331573932,0.5439999999999999,0.1913739794224909,0.0072695035460992,0.0218085106382978,0.0074579831932773,0.0223739495798319,vanilla_german_gat_alpha:0.5_lr_sp:0.5_env_num:2_lr:0.0040875779010632,german,gat,vanilla,no_attack
0.5352457142857142,0.029346806058757748,0.17289402134019224,0.3255890391284342,0.38039999999999996,0.15882014985511125,0.009615384615384612,0.02677769047975054,0.00756302521008403,0.020045143599792543,vanilla_german_gat_alpha:0.5_lr_sp:0.5_env_num:2_lr:0.0040875779010632,german,gat,vanilla,tuned_nifa
0.6526247619047619,0.022361120778015,0.6310977750439652,0.2588154482583809,0.594,0.1416276809101949,0.1295962902345881,0.0715096357824233,0.1185924369747899,0.0590116477271567,vanilla_german_gcn_alpha:0.5_lr_sp:0.5_env_num:2_lr:0.014400076721566254,german,gcn,vanilla,no_attack
0.7057523809523809,0.009320932480869378,0.7307335257672837,0.13271277769810466,0.6631999999999999,0.08988526019320409,0.33687943262411346,0.06583601248972798,0.2580882352941176,0.040284811755647826,vanilla_german_gcn_alpha:0.5_lr_sp:0.5_env_num:2_lr:0.014400076721566254,german,gcn,vanilla,tuned_nifa
0.689272380952381,0.0767031592770721,0.7745271555276015,0.02800001443742,0.6892,0.0173481987537611,0.2064648117839607,0.0987040149343284,0.1715336134453781,0.0982780766188587,vanilla_german_gin_alpha:0.5_lr_sp:0.5_env_num:2_lr:0.0016102038883533546,german,gin,vanilla,no_attack
0.6503390476190476,0.031635879398336945,0.5547532550503138,0.2978241574564964,0.5591999999999999,0.1490213407535981,0.1964129841789416,0.15968105385584505,0.17846638655462185,0.155179769882749,vanilla_german_gin_alpha:0.5_lr_sp:0.5_env_num:2_lr:0.0016102038883533546,german,gin,vanilla,tuned_nifa
0.6419428571428571,0.0730305188899983,0.5051983820770701,0.2810641518832151,0.5396,0.1539709063427243,0.1702400436442989,0.1454004058808499,0.1622899159663865,0.1516620850945353,vanilla_german_sage_alpha:0.5_lr_sp:0.5_env_num:2_lr:0.008248896555909517,german,sage,vanilla,no_attack
0.6677866666666666,0.05039142769844422,0.6780408920903196,0.22960690969550585,0.6292,0.12626385072537585,0.14800872885979272,0.11768309540668305,0.13077731092436976,0.12803863524604514,vanilla_german_sage_alpha:0.5_lr_sp:0.5_env_num:2_lr:0.008248896555909517,german,sage,vanilla,tuned_nifa
0.6841676190476191,0.0118287303110255,0.5912822971541456,0.1843527994832638,0.5704,0.0948126573828621,0.2469039825422804,0.090297611733951,0.1917016806722689,0.0663666900659829,vanilla_german_sgc_alpha:0.5_lr_sp:0.5_env_num:2_lr:0.03558271965216747,german,sgc,vanilla,no_attack
0.6925028571428572,0.013720187090081758,0.6349758253925252,0.15077964726178664,0.5935999999999999,0.08423206040457516,0.25656028368794326,0.10670129210847502,0.20619747899159663,0.0794315618247019,vanilla_german_sgc_alpha:0.5_lr_sp:0.5_env_num:2_lr:0.03558271965216747,german,sgc,vanilla,tuned_nifa
0.6626923076923077,0.0556237418506,0.6232256910766372,0.0624280663328268,0.6253164556962025,0.0500600504640131,0.2103668261562998,0.0717816755172796,0.2299999999999999,0.0737111479583199,vanilla_nba_gat_alpha:0.5_lr_sp:0.5_env_num:2_lr:0.0006118713031011232,nba,gat,vanilla,no_attack
0.5916025641025641,0.032924577108564015,0.4947843514044966,0.15831642796469528,0.5544303797468354,0.057952015910175174,0.2272727272727273,0.18228520840766424,0.2866666666666667,0.18926759422104522,vanilla_nba_gat_alpha:0.5_lr_sp:0.5_env_num:2_lr:0.0006118713031011232,nba,gat,vanilla,tuned_nifa
0.7344871794871797,0.0039805576144256,0.6633801092086866,0.0274248500160013,0.6658227848101266,0.0189451006925262,0.2614832535885166,0.022772556246722,0.1833333333333333,0.0401386485959743,vanilla_nba_gcn_alpha:0.5_lr_sp:0.5_env_num:2_lr:0.0005602617956493825,nba,gcn,vanilla,no_attack
0.6365384615384616,0.030401109879736106,0.5398813080710301,0.0712794975788433,0.5797468354430378,0.028191211963696304,0.6488038277511962,0.11604238178307426,0.5833333333333333,0.1507389207279335,vanilla_nba_gcn_alpha:0.5_lr_sp:0.5_env_num:2_lr:0.0005602617956493825,nba,gcn,vanilla,tuned_nifa
0.5462820512820514,0.079007964045677,0.3836128794278452,0.2766791076388938,0.5341772151898735,0.0391382907183298,0.070414673046252,0.0506238913512774,0.0633333333333333,0.0766666666666666,vanilla_nba_gin_alpha:0.5_lr_sp:0.5_env_num:2_lr:0.0381397720513228,nba,gin,vanilla,no_attack
0.5965384615384616,0.0334345111400515,0.5408453778493221,0.07891357929363048,0.5620253164556963,0.028976007955087587,0.3784688995215312,0.10200555961609775,0.3,0.15491933384829668,vanilla_nba_gin_alpha:0.5_lr_sp:0.5_env_num:2_lr:0.0381397720513228,nba,gin,vanilla,tuned_nifa
0.6443589743589744,0.0216469338149711,0.5263773970232042,0.0370449766467009,0.5620253164556963,0.0140956059818481,0.1259170653907496,0.0341777948354104,0.1133333333333333,0.0426874949162189,vanilla_nba_sage_alpha:0.5_lr_sp:0.5_env_num:2_lr:0.0006778779553232976,nba,sage,vanilla,no_attack
0.6233333333333334,0.018868815957754193,0.5475513958303575,0.049079906367638856,0.5670886075949366,0.02703057785324383,0.05406698564593302,0.03744747302027999,0.06999999999999998,0.04582575694955839,vanilla_nba_sage_alpha:0.5_lr_sp:0.5_env_num:2_lr:0.0006778779553232976,nba,sage,vanilla,tuned_nifa
0.7230128205128206,0.0020362025864446,0.6265938416760806,0.0202015664639833,0.6544303797468354,0.0113924050632911,0.2851674641148325,0.0243377208627275,0.1799999999999999,0.0498887651569858,vanilla_nba_sgc_alpha:0.5_lr_sp:0.5_env_num:2_lr:0.005422777365223869,nba,sgc,vanilla,no_attack
0.6375,0.030762886632293582,0.6026716308029637,0.030318718113215008,0.5987341772151898,0.030511318463782144,0.566267942583732,0.06137186160161248,0.5033333333333333,0.09480975102218595,vanilla_nba_sgc_alpha:0.5_lr_sp:0.5_env_num:2_lr:0.005422777365223869,nba,sgc,vanilla,tuned_nifa
0.7589515504453248,0.00532438286297,0.6471187689986415,0.0479384983539513,0.6903181818181817,0.0144814643568029,0.0186105515977181,0.0131027710520564,0.0263453991274378,0.017302461180309,vanilla_pokec_n_gat_alpha:0.5_lr_sp:0.5_env_num:2_lr:0.005893711998150697,pokec_n,gat,vanilla,no_attack
0.6644229559904546,0.033989615927777536,0.6306508890061635,0.02669893267073641,0.6353181818181819,0.01456256096358678,0.42092436904164926,0.180151292252945,0.3457358009442795,0.1577923592808329,vanilla_pokec_n_gat_alpha:0.5_lr_sp:0.5_env_num:2_lr:0.005893711998150697,pokec_n,gat,vanilla,tuned_nifa
0.7420690890616569,0.0080309967723199,0.6502291238413604,0.0225678891517254,0.6795909090909091,0.0278413821852197,0.0154697437880006,0.0107726420731412,0.0215582604538119,0.0133201297189195,vanilla_pokec_n_gcn_alpha:0.5_lr_sp:0.5_env_num:2_lr:0.012987273520401443,pokec_n,gcn,vanilla,no_attack
0.7092551772528538,0.017645714979380583,0.6245221830705356,0.022490052396923706,0.6661363636363637,0.01056903711104022,0.24717272201787144,0.1004972923567619,0.23342829252744188,0.08593650937410431,vanilla_pokec_n_gcn_alpha:0.5_lr_sp:0.5_env_num:2_lr:0.012987273520401443,pokec_n,gcn,vanilla,tuned_nifa
0.7056698241537835,0.0148934239160773,0.5872500772914373,0.0582851481439965,0.6495454545454544,0.0246177386827311,0.0222064095488625,0.0173060283753139,0.0364938143713767,0.0235442209713819,vanilla_pokec_n_gin_alpha:0.5_lr_sp:0.5_env_num:2_lr:0.026249028382697385,pokec_n,gin,vanilla,no_attack
0.6300451116870049,0.02453972596266277,0.5947515760478554,0.037054507584282755,0.5937272727272728,0.030113284732080813,0.3518827197673669,0.166748536949867,0.3316572703548021,0.17025851680317725,vanilla_pokec_n_gin_alpha:0.5_lr_sp:0.5_env_num:2_lr:0.026249028382697385,pokec_n,gin,vanilla,tuned_nifa
0.7283323238641818,0.0062351403401877,0.6674695243313007,0.0064972538998866,0.6646818181818183,0.0120296637491392,0.0209167117234475,0.0232591597470297,0.0236213319521087,0.0247456549756659,vanilla_pokec_n_sage_alpha:0.5_lr_sp:0.5_env_num:2_lr:0.002106183402786513,pokec_n,sage,vanilla,no_attack
0.6718708524884243,0.021139088280313596,0.6526093663363056,0.022992241978722763,0.6120909090909091,0.01595085427386619,0.272227373791988,0.19071312552554157,0.2258190728529593,0.1625105295234415,vanilla_pokec_n_sage_alpha:0.5_lr_sp:0.5_env_num:2_lr:0.002106183402786513,pokec_n,sage,vanilla,tuned_nifa
0.7568130065963017,0.0008861048399246,0.6694475483435286,0.0122515813391127,0.6990000000000001,0.011270160998212,0.0154982252764338,0.0068607318735092,0.0308894953881706,0.0064339030845008,vanilla_pokec_n_sgc_alpha:0.5_lr_sp:0.5_env_num:2_lr:0.010611927763057845,pokec_n,sgc,vanilla,no_attack
0.7068477588129968,0.023264750281396074,0.6529235860648851,0.019822700494636716,0.6578636363636363,0.015097547827817045,0.31026360784819085,0.13399509630185774,0.3071028149092575,0.14210575756232866,vanilla_pokec_n_sgc_alpha:0.5_lr_sp:0.5_env_num:2_lr:0.010611927763057845,pokec_n,sgc,vanilla,tuned_nifa
0.7874179375620182,0.003811891381077,0.6916895803784239,0.0240348843546601,0.7123928293063133,0.0080548780562829,0.0415138194672362,0.0100908767083127,0.0345142857142857,0.0123167713765766,vanilla_pokec_z_gat_alpha:0.5_lr_sp:0.5_env_num:2_lr:0.0038518302623594828,pokec_z,gat,vanilla,no_attack
0.6896936111747195,0.035205788235565916,0.6327780804593959,0.04171924667366968,0.6471940763834763,0.023890339071951056,0.4855091977337903,0.09393216547591175,0.4291714285714286,0.11294820557608315,vanilla_pokec_z_gat_alpha:0.5_lr_sp:0.5_env_num:2_lr:0.0038518302623594828,pokec_z,gat,vanilla,tuned_nifa
0.7817367529196245,0.0022469148841669,0.7056386232030379,0.0136371765123155,0.7140685892439594,0.0026261474027796,0.0444471944087248,0.0063767735710047,0.0246285714285714,0.0082192407415373,vanilla_pokec_z_gcn_alpha:0.5_lr_sp:0.5_env_num:2_lr:0.011782659818013594,pokec_z,gcn,vanilla,no_attack
0.7409483856194183,0.005413868601291101,0.6692898790851028,0.024808719104550358,0.6777474668745128,0.008519366844460186,0.3925873367731799,0.055281111143191744,0.3292285714285715,0.04118074644237304,vanilla_pokec_z_gcn_alpha:0.5_lr_sp:0.5_env_num:2_lr:0.011782659818013594,pokec_z,gcn,vanilla,tuned_nifa
0.7358461796809403,0.0063708933672544,0.6403633284546284,0.0390102573413283,0.6655494933749025,0.0078559520460701,0.0363088544665099,0.0280143761394954,0.0391999999999999,0.0255390217638237,vanilla_pokec_z_gin_alpha:0.5_lr_sp:0.5_env_num:2_lr:0.04606907413160195,pokec_z,gin,vanilla,no_attack
0.660061002976872,0.01424741635646091,0.5993954552278841,0.035236247229820196,0.6243569758378799,0.013098543000682564,0.42221028080124395,0.05736986736546142,0.3987428571428571,0.05098254202996094,vanilla_pokec_z_gin_alpha:0.5_lr_sp:0.5_env_num:2_lr:0.04606907413160195,pokec_z,gin,vanilla,tuned_nifa
0.7512699183268452,0.0361804989802084,0.6795441860985235,0.0954297638087242,0.6383865939204989,0.0508920544773555,0.0231577630594906,0.0118466414835758,0.0278571428571428,0.0154027561806055,vanilla_pokec_z_sage_alpha:0.5_lr_sp:0.5_env_num:2_lr:0.04962229670358684,pokec_z,sage,vanilla,no_attack
0.7001064346233112,0.019834525786057527,0.601734644920043,0.059291722948564614,0.6409976617303196,0.03166118459196596,0.30813793641484766,0.06425766029228576,0.30948571428571425,0.07908897598558841,vanilla_pokec_z_sage_alpha:0.5_lr_sp:0.5_env_num:2_lr:0.04962229670358684,pokec_z,sage,vanilla,tuned_nifa
0.7770754598885581,0.0006391947895676,0.7100042276442263,0.0062114919537862,0.7110678098207326,0.002859538009017,0.0348284470652799,0.0049520276470237,0.0332285714285714,0.0051078970472101,vanilla_pokec_z_sgc_alpha:0.5_lr_sp:0.5_env_num:2_lr:0.004480876840832734,pokec_z,sgc,vanilla,no_attack
0.7138820548049767,0.007363925199205668,0.6575358574756159,0.026015745613136965,0.6625876851130162,0.009144199143296932,0.4497473918681165,0.015942993046813153,0.3762,0.027514463728841133,vanilla_pokec_z_sgc_alpha:0.5_lr_sp:0.5_env_num:2_lr:0.004480876840832734,pokec_z,sgc,vanilla,tuned_nifa
