AUC_mean,AUC_std,F1_mean,F1_std,ACC_mean,ACC_std,DP_mean,DP_std,EO_mean,EO_std,name,dataset,encoder,attack_mode
0.9471509544712908,0.0061766423731738,0.8664680807778298,0.0333678221883349,0.899470226742954,0.0381784118154018,0.0714419429882704,0.0045975570019781,0.0472401433691756,0.0167670189233313,vanilla_bail_gat_alpha:0.5_lr_sp:0.5_env_num:2_lr:0.036252634794284574,bail,gat,no_attack
0.9422937559118753,0.0136029880738071,0.8661623136945547,0.0225269339048298,0.9014197923288834,0.019208102592978,0.0722992504737558,0.0066402639837362,0.0536238846945778,0.0092981313383435,vanilla_bail_gat_alpha:0.5_lr_sp:0.5_env_num:2_lr:0.036252634794284574,bail,gat,tuned_nifa
0.9209176397345356,0.008696129450049663,0.8183604410232881,0.014589712603921062,0.8596524687433778,0.01507777502665723,0.07054540147748548,0.005748906181655031,0.04611683062609624,0.0049427294747526026,edge_adder_bail_gat_alpha:0.5_lr_sp:0.5_env_num:2_lr:0.0077461047764892125,bail,gat,EA Defense
0.880958921459686,0.0058971169250281,0.7734317564870532,0.0076981306833725,0.8250900614536978,0.0066979432134396,0.0866366357730918,0.0040219573449469,0.042970334782277,0.0063945858237348,vanilla_bail_gcn_alpha:0.5_lr_sp:0.5_env_num:2_lr:0.015423598487653298,bail,gcn,no_attack
0.8761840969409777,0.0144705260074847,0.7580811242980022,0.0261360870276091,0.8160415342233523,0.0066772954211898,0.0882616037819947,0.0090334001384815,0.0467734309463891,0.0068559142827835,vanilla_bail_gcn_alpha:0.5_lr_sp:0.5_env_num:2_lr:0.015423598487653298,bail,gcn,tuned_nifa
0.8720960065570157,0.0046973133590904265,0.7552952057889224,0.007463756843873827,0.8070989616444162,0.008232915047638336,0.08931766943779063,0.0062492979575980165,0.04207656524060095,0.006833177956585305,edge_adder_bail_gcn_alpha:0.5_lr_sp:0.5_env_num:2_lr:0.0005062309938444872,bail,gcn,EA Defense
0.8450563235253602,0.0077882578897923,0.7206524294130885,0.0163197297652835,0.7673659673659674,0.0214957521184356,0.0941465997417707,0.0258335677581488,0.0643193777167696,0.019700071390094,vanilla_bail_gin_alpha:0.5_lr_sp:0.5_env_num:2_lr:0.03662988795488364,bail,gin,no_attack
0.8406189828972703,0.0180453409985139,0.7159264785397805,0.0407162973650258,0.7605424878152152,0.0576939957421775,0.0895144146851357,0.0207418545459087,0.0640776328833981,0.0223922644954749,vanilla_bail_gin_alpha:0.5_lr_sp:0.5_env_num:2_lr:0.03662988795488364,bail,gin,tuned_nifa
0.8465192734783713,0.008338602219142953,0.740384567750041,0.01489213562955711,0.793409620682348,0.01667860838816129,0.07072336543466196,0.012626439072401857,0.05582932967284373,0.012871758250373372,edge_adder_bail_gin_alpha:0.5_lr_sp:0.5_env_num:2_lr:0.0020823316882860616,bail,gin,EA Defense
0.9118200769576916,0.0079255749783987,0.7982667447887564,0.0498163103872127,0.8390972663699936,0.0675967458569603,0.0516603738860628,0.0403884278902406,0.0206901548082055,0.0088665996186902,vanilla_bail_sage_alpha:0.5_lr_sp:0.5_env_num:2_lr:0.033946860725703534,bail,sage,no_attack
0.9123046593994608,0.0081928305531422,0.8023813411784418,0.0471824372350486,0.8412799321890232,0.0613530681167855,0.0492196149278367,0.0366679257631279,0.0188477083809959,0.0191046115117677,vanilla_bail_sage_alpha:0.5_lr_sp:0.5_env_num:2_lr:0.033946860725703534,bail,sage,tuned_nifa
0.8916535993179723,0.00667612483096612,0.7922159445769605,0.009848061088134026,0.8419156600974784,0.009094835233682961,0.09228162661429233,0.014380974876954628,0.07276061923282238,0.013283444343695456,edge_adder_bail_sage_alpha:0.5_lr_sp:0.5_env_num:2_lr:0.001108189378494277,bail,sage,EA Defense
0.8924167477875429,0.0048103709629462,0.7947806004170209,0.0068175697834959,0.8417461326552236,0.0083454607957279,0.0475660885743617,0.002863733399507,0.0275909402882635,0.004513629859839,vanilla_bail_sgc_alpha:0.5_lr_sp:0.5_env_num:2_lr:0.038482961843717946,bail,sgc,no_attack
0.8864070301188038,0.003408873404891,0.7857146081856571,0.0078890267922689,0.8338419156600974,0.0094604866615488,0.0470431958890361,0.0057996431488502,0.0284046366201479,0.0071022864945073,vanilla_bail_sgc_alpha:0.5_lr_sp:0.5_env_num:2_lr:0.038482961843717946,bail,sgc,tuned_nifa
0.8958189075926078,0.005508293266127907,0.8069792326666491,0.00869972509151086,0.854481881754609,0.009165193712536957,0.062384346792119696,0.004725016537794245,0.03855105620376727,0.00436359077371072,edge_adder_bail_sgc_alpha:0.5_lr_sp:0.5_env_num:2_lr:0.010293634452337637,bail,sgc,EA Defense
0.480487619047619,0.0551898398089774,0.5068160597572361,0.3894488331573932,0.5439999999999999,0.1913739794224909,0.0072695035460992,0.0218085106382978,0.0074579831932773,0.0223739495798319,vanilla_german_gat_alpha:0.5_lr_sp:0.5_env_num:2_lr:0.0040875779010632,german,gat,no_attack
0.5352457142857142,0.0293468060587577,0.1728940213401922,0.3255890391284342,0.3803999999999999,0.1588201498551112,0.0096153846153846,0.0267776904797505,0.007563025210084,0.0200451435997925,vanilla_german_gat_alpha:0.5_lr_sp:0.5_env_num:2_lr:0.0040875779010632,german,gat,tuned_nifa
0.5894361904761904,0.06700644634098399,0.6810579690430261,0.16155835289238316,0.6096,0.1065562762112115,0.06033824331696671,0.07270404728637342,0.06691176470588237,0.05936695637724673,edge_adder_german_gat_alpha:0.5_lr_sp:0.5_env_num:2_lr:0.010188481328150471,german,gat,EA Defense
0.6526247619047619,0.022361120778015,0.6310977750439652,0.2588154482583809,0.594,0.1416276809101949,0.1295962902345881,0.0715096357824233,0.1185924369747899,0.0590116477271567,vanilla_german_gcn_alpha:0.5_lr_sp:0.5_env_num:2_lr:0.014400076721566254,german,gcn,no_attack
0.7057523809523809,0.0093209324808693,0.7307335257672837,0.1327127776981046,0.6631999999999999,0.089885260193204,0.3368794326241134,0.0658360124897279,0.2580882352941176,0.0402848117556478,vanilla_german_gcn_alpha:0.5_lr_sp:0.5_env_num:2_lr:0.014400076721566254,german,gcn,tuned_nifa
0.5573371428571428,0.03850918133006749,0.5688100307047922,0.35121798786068725,0.5692,0.1733348205064406,0.00939716312056737,0.018032227415499643,0.006932773109243703,0.012350368451007615,edge_adder_german_gcn_alpha:0.5_lr_sp:0.5_env_num:2_lr:0.0008574578427195729,german,gcn,EA Defense
0.689272380952381,0.0767031592770721,0.7745271555276015,0.02800001443742,0.6892,0.0173481987537611,0.2064648117839607,0.0987040149343284,0.1715336134453781,0.0982780766188587,vanilla_german_gin_alpha:0.5_lr_sp:0.5_env_num:2_lr:0.0016102038883533546,german,gin,no_attack
0.6503390476190476,0.0316358793983369,0.5547532550503138,0.2978241574564964,0.5591999999999999,0.1490213407535981,0.1964129841789416,0.159681053855845,0.1784663865546218,0.155179769882749,vanilla_german_gin_alpha:0.5_lr_sp:0.5_env_num:2_lr:0.0016102038883533546,german,gin,tuned_nifa
0.6202742857142857,0.04102680563914745,0.6752092130916415,0.22020150821213577,0.614,0.12175056468041533,0.04451718494271685,0.05754512998627258,0.06649159663865546,0.07748235526065875,edge_adder_german_gin_alpha:0.5_lr_sp:0.5_env_num:2_lr:0.0005997302838647427,german,gin,EA Defense
0.6419428571428571,0.0730305188899983,0.5051983820770701,0.2810641518832151,0.5396,0.1539709063427243,0.1702400436442989,0.1454004058808499,0.1622899159663865,0.1516620850945353,vanilla_german_sage_alpha:0.5_lr_sp:0.5_env_num:2_lr:0.008248896555909517,german,sage,no_attack
0.6677866666666666,0.0503914276984442,0.6780408920903196,0.2296069096955058,0.6292,0.1262638507253758,0.1480087288597927,0.117683095406683,0.1307773109243697,0.1280386352460451,vanilla_german_sage_alpha:0.5_lr_sp:0.5_env_num:2_lr:0.008248896555909517,german,sage,tuned_nifa
0.7252876190476191,0.01903768731548019,0.7342845676855319,0.04921252352259414,0.6712,0.03922448215082003,0.07737315875613748,0.04256084297947281,0.03676470588235294,0.025695604792303615,edge_adder_german_sage_alpha:0.5_lr_sp:0.5_env_num:2_lr:0.0005335063533975847,german,sage,EA Defense
0.6841676190476191,0.0118287303110255,0.5912822971541456,0.1843527994832638,0.5704,0.0948126573828621,0.2469039825422804,0.090297611733951,0.1917016806722689,0.0663666900659829,vanilla_german_sgc_alpha:0.5_lr_sp:0.5_env_num:2_lr:0.03558271965216747,german,sgc,no_attack
0.6925028571428572,0.0137201870900817,0.6349758253925252,0.1507796472617866,0.5935999999999999,0.0842320604045751,0.2565602836879432,0.106701292108475,0.2061974789915966,0.0794315618247019,vanilla_german_sgc_alpha:0.5_lr_sp:0.5_env_num:2_lr:0.03558271965216747,german,sgc,tuned_nifa
0.6116647619047619,0.039093294725783954,0.4983699971486367,0.3583933548723388,0.5332,0.174117661367249,0.0702673213311511,0.0948035761278964,0.06260504201680674,0.07314153396835178,edge_adder_german_sgc_alpha:0.5_lr_sp:0.5_env_num:2_lr:0.002265390407383132,german,sgc,EA Defense
0.6626923076923077,0.0556237418506,0.6232256910766372,0.0624280663328268,0.6253164556962025,0.0500600504640131,0.2103668261562998,0.0717816755172796,0.2299999999999999,0.0737111479583199,vanilla_nba_gat_alpha:0.5_lr_sp:0.5_env_num:2_lr:0.0006118713031011232,nba,gat,no_attack
0.5916025641025641,0.032924577108564,0.4947843514044966,0.1583164279646952,0.5544303797468354,0.0579520159101751,0.2272727272727273,0.1822852084076642,0.2866666666666667,0.1892675942210452,vanilla_nba_gat_alpha:0.5_lr_sp:0.5_env_num:2_lr:0.0006118713031011232,nba,gat,tuned_nifa
0.7638461538461538,0.034136285621831,0.7322147260927767,0.027574993453243754,0.7113924050632912,0.02703057785324382,0.1565390749601276,0.07485490086216762,0.08333333333333334,0.0562731433871138,edge_adder_nba_gat_alpha:0.5_lr_sp:0.5_env_num:2_lr:0.0005266946880424559,nba,gat,EA Defense
0.7344871794871797,0.0039805576144256,0.6633801092086866,0.0274248500160013,0.6658227848101266,0.0189451006925262,0.2614832535885166,0.022772556246722,0.1833333333333333,0.0401386485959743,vanilla_nba_gcn_alpha:0.5_lr_sp:0.5_env_num:2_lr:0.0005602617956493825,nba,gcn,no_attack
0.6365384615384616,0.0304011098797361,0.5398813080710301,0.0712794975788433,0.5797468354430378,0.0281912119636963,0.6488038277511962,0.1160423817830742,0.5833333333333333,0.1507389207279335,vanilla_nba_gcn_alpha:0.5_lr_sp:0.5_env_num:2_lr:0.0005602617956493825,nba,gcn,tuned_nifa
0.7001923076923077,0.02845179147030678,0.6278587271758029,0.04313768982840833,0.6379746835443039,0.03006162553680486,0.32384370015948966,0.079323808913603,0.22333333333333333,0.12297244497131146,edge_adder_nba_gcn_alpha:0.5_lr_sp:0.5_env_num:2_lr:0.0007437733361427296,nba,gcn,EA Defense
0.5462820512820514,0.079007964045677,0.3836128794278452,0.2766791076388938,0.5341772151898735,0.0391382907183298,0.070414673046252,0.0506238913512774,0.0633333333333333,0.0766666666666666,vanilla_nba_gin_alpha:0.5_lr_sp:0.5_env_num:2_lr:0.0381397720513228,nba,gin,no_attack
0.5965384615384616,0.0334345111400515,0.5408453778493221,0.0789135792936304,0.5620253164556963,0.0289760079550875,0.3784688995215312,0.1020055596160977,0.3,0.1549193338482966,vanilla_nba_gin_alpha:0.5_lr_sp:0.5_env_num:2_lr:0.0381397720513228,nba,gin,tuned_nifa
0.6125641025641027,0.0074104338546761,0.5417914411611386,0.09992187013727646,0.5708860759493671,0.016455696202531636,0.05813397129186602,0.04101155825164342,0.13666666666666663,0.07218802609235904,edge_adder_nba_gin_alpha:0.5_lr_sp:0.5_env_num:2_lr:0.009659285727342239,nba,gin,EA Defense
0.6443589743589744,0.0216469338149711,0.5263773970232042,0.0370449766467009,0.5620253164556963,0.0140956059818481,0.1259170653907496,0.0341777948354104,0.1133333333333333,0.0426874949162189,vanilla_nba_sage_alpha:0.5_lr_sp:0.5_env_num:2_lr:0.0006778779553232976,nba,sage,no_attack
0.6233333333333334,0.0188688159577541,0.5475513958303575,0.0490799063676388,0.5670886075949366,0.0270305778532438,0.054066985645933,0.0374474730202799,0.0699999999999999,0.0458257569495583,vanilla_nba_sage_alpha:0.5_lr_sp:0.5_env_num:2_lr:0.0006778779553232976,nba,sage,tuned_nifa
0.6235897435897435,0.02504237040660998,0.5333160766850177,0.043559020202562665,0.5645569620253166,0.02606488643287849,0.06770334928229665,0.05527121233975931,0.10666666666666665,0.08537498983243798,edge_adder_nba_sage_alpha:0.5_lr_sp:0.5_env_num:2_lr:0.0007733112465626232,nba,sage,EA Defense
0.7230128205128206,0.0020362025864446,0.6265938416760806,0.0202015664639833,0.6544303797468354,0.0113924050632911,0.2851674641148325,0.0243377208627275,0.1799999999999999,0.0498887651569858,vanilla_nba_sgc_alpha:0.5_lr_sp:0.5_env_num:2_lr:0.005422777365223869,nba,sgc,no_attack
0.6375,0.0307628866322935,0.6026716308029637,0.030318718113215,0.5987341772151898,0.0305113184637821,0.566267942583732,0.0613718616016124,0.5033333333333333,0.0948097510221859,vanilla_nba_sgc_alpha:0.5_lr_sp:0.5_env_num:2_lr:0.005422777365223869,nba,sgc,tuned_nifa
0.7074358974358975,0.02480893457434243,0.6589626557534132,0.045442925655373625,0.6569620253164556,0.038164084637167944,0.4059808612440191,0.05836149340843849,0.2833333333333333,0.09339283817414601,edge_adder_nba_sgc_alpha:0.5_lr_sp:0.5_env_num:2_lr:0.0005110759834334629,nba,sgc,EA Defense
0.7589515504453248,0.00532438286297,0.6471187689986415,0.0479384983539513,0.6903181818181817,0.0144814643568029,0.0186105515977181,0.0131027710520564,0.0263453991274378,0.017302461180309,vanilla_pokec_n_gat_alpha:0.5_lr_sp:0.5_env_num:2_lr:0.005893711998150697,pokec_n,gat,no_attack
0.6644229559904546,0.0339896159277775,0.6306508890061635,0.0266989326707364,0.6353181818181819,0.0145625609635867,0.4209243690416492,0.180151292252945,0.3457358009442795,0.1577923592808329,vanilla_pokec_n_gat_alpha:0.5_lr_sp:0.5_env_num:2_lr:0.005893711998150697,pokec_n,gat,tuned_nifa
0.710430215894009,0.010041024868056787,0.6417030773967257,0.01361439547054788,0.6618636363636364,0.009387106508133455,0.017594742970908732,0.01725120874638602,0.017452437396657174,0.013128253564096833,edge_adder_pokec_n_gat_alpha:0.5_lr_sp:0.5_env_num:2_lr:0.0014220908710879659,pokec_n,gat,EA Defense
0.7420690890616569,0.0080309967723199,0.6502291238413604,0.0225678891517254,0.6795909090909091,0.0278413821852197,0.0154697437880006,0.0107726420731412,0.0215582604538119,0.0133201297189195,vanilla_pokec_n_gcn_alpha:0.5_lr_sp:0.5_env_num:2_lr:0.012987273520401443,pokec_n,gcn,no_attack
0.7092551772528538,0.0176457149793805,0.6245221830705356,0.0224900523969237,0.6661363636363637,0.0105690371110402,0.2471727220178714,0.1004972923567619,0.2334282925274418,0.0859365093741043,vanilla_pokec_n_gcn_alpha:0.5_lr_sp:0.5_env_num:2_lr:0.012987273520401443,pokec_n,gcn,tuned_nifa
0.730429785628469,0.009602891280714019,0.6558861607394028,0.020708018353237947,0.6661363636363637,0.014483176333049828,0.04065634422820304,0.03008763874659364,0.017816204155626836,0.012526014813962278,edge_adder_pokec_n_gcn_alpha:0.5_lr_sp:0.5_env_num:2_lr:0.000696915699118028,pokec_n,gcn,EA Defense
0.7056698241537835,0.0148934239160773,0.5872500772914373,0.0582851481439965,0.6495454545454544,0.0246177386827311,0.0222064095488625,0.0173060283753139,0.0364938143713767,0.0235442209713819,vanilla_pokec_n_gin_alpha:0.5_lr_sp:0.5_env_num:2_lr:0.026249028382697385,pokec_n,gin,no_attack
0.6300451116870049,0.0245397259626627,0.5947515760478554,0.0370545075842827,0.5937272727272728,0.0301132847320808,0.3518827197673669,0.166748536949867,0.3316572703548021,0.1702585168031772,vanilla_pokec_n_gin_alpha:0.5_lr_sp:0.5_env_num:2_lr:0.026249028382697385,pokec_n,gin,tuned_nifa
0.6924816475198501,0.013771406024996817,0.6219385268949505,0.01429584327316824,0.6399090909090909,0.009525520310727507,0.02148699516561751,0.012867452730607576,0.0192668884594697,0.01776410424119422,edge_adder_pokec_n_gin_alpha:0.5_lr_sp:0.5_env_num:2_lr:0.00018232571507056315,pokec_n,gin,EA Defense
0.7283323238641818,0.0062351403401877,0.6674695243313007,0.0064972538998866,0.6646818181818183,0.0120296637491392,0.0209167117234475,0.0232591597470297,0.0236213319521087,0.0247456549756659,vanilla_pokec_n_sage_alpha:0.5_lr_sp:0.5_env_num:2_lr:0.002106183402786513,pokec_n,sage,no_attack
0.6718708524884243,0.0211390882803135,0.6526093663363056,0.0229922419787227,0.6120909090909091,0.0159508542738661,0.272227373791988,0.1907131255255415,0.2258190728529593,0.1625105295234415,vanilla_pokec_n_sage_alpha:0.5_lr_sp:0.5_env_num:2_lr:0.002106183402786513,pokec_n,sage,tuned_nifa
0.7315887720552461,0.008747555403002859,0.6614085617837046,0.00806293942913374,0.6621818181818182,0.009786565255702937,0.018366731380343664,0.011900077362642382,0.02444090284279935,0.02384707169168766,edge_adder_pokec_n_sage_alpha:0.5_lr_sp:0.5_env_num:2_lr:0.00032500959921404646,pokec_n,sage,EA Defense
0.7568130065963017,0.0008861048399246,0.6694475483435286,0.0122515813391127,0.6990000000000001,0.011270160998212,0.0154982252764338,0.0068607318735092,0.0308894953881706,0.0064339030845008,vanilla_pokec_n_sgc_alpha:0.5_lr_sp:0.5_env_num:2_lr:0.010611927763057845,pokec_n,sgc,no_attack
0.7068477588129968,0.023264750281396,0.6529235860648851,0.0198227004946367,0.6578636363636363,0.015097547827817,0.3102636078481908,0.1339950963018577,0.3071028149092575,0.1421057575623286,vanilla_pokec_n_sgc_alpha:0.5_lr_sp:0.5_env_num:2_lr:0.010611927763057845,pokec_n,sgc,tuned_nifa
0.7463722822939112,0.003728498455090841,0.6550451114846885,0.010396165011968259,0.6929545454545455,0.017919989761655868,0.04169082924087028,0.02759019492262783,0.062332011873219496,0.032287933320261926,edge_adder_pokec_n_sgc_alpha:0.5_lr_sp:0.5_env_num:2_lr:0.0020289278881684258,pokec_n,sgc,EA Defense
0.7874179375620182,0.003811891381077,0.6916895803784239,0.0240348843546601,0.7123928293063133,0.0080548780562829,0.0415138194672362,0.0100908767083127,0.0345142857142857,0.0123167713765766,vanilla_pokec_z_gat_alpha:0.5_lr_sp:0.5_env_num:2_lr:0.0038518302623594828,pokec_z,gat,no_attack
0.6896936111747195,0.0352057882355659,0.6327780804593959,0.0417192466736696,0.6471940763834763,0.023890339071951,0.4855091977337903,0.0939321654759117,0.4291714285714286,0.1129482055760831,vanilla_pokec_z_gat_alpha:0.5_lr_sp:0.5_env_num:2_lr:0.0038518302623594828,pokec_z,gat,tuned_nifa
0.7514150064880544,0.007763515946008245,0.6926355092397849,0.013495271068234536,0.684099766173032,0.010141790813911828,0.049170078714738434,0.018954116233226338,0.05214285714285714,0.024716267468026402,edge_adder_pokec_z_gat_alpha:0.5_lr_sp:0.5_env_num:2_lr:0.0010929204433570861,pokec_z,gat,EA Defense
0.7817367529196245,0.0022469148841669,0.7056386232030379,0.0136371765123155,0.7140685892439594,0.0026261474027796,0.0444471944087248,0.0063767735710047,0.0246285714285714,0.0082192407415373,vanilla_pokec_z_gcn_alpha:0.5_lr_sp:0.5_env_num:2_lr:0.011782659818013594,pokec_z,gcn,no_attack
0.7409483856194183,0.0054138686012911,0.6692898790851028,0.0248087191045503,0.6777474668745128,0.0085193668444601,0.3925873367731799,0.0552811111431917,0.3292285714285715,0.041180746442373,vanilla_pokec_z_gcn_alpha:0.5_lr_sp:0.5_env_num:2_lr:0.011782659818013594,pokec_z,gcn,tuned_nifa
0.7582501488435998,0.00523530001338531,0.6808742727213895,0.029890538056022264,0.686282151208106,0.007560807053953409,0.020510354512243034,0.01405278106665038,0.01605714285714286,0.012421048626407995,edge_adder_pokec_z_gcn_alpha:0.5_lr_sp:0.5_env_num:2_lr:0.001158493945903404,pokec_z,gcn,EA Defense
0.7358461796809403,0.0063708933672544,0.6403633284546284,0.0390102573413283,0.6655494933749025,0.0078559520460701,0.0363088544665099,0.0280143761394954,0.0391999999999999,0.0255390217638237,vanilla_pokec_z_gin_alpha:0.5_lr_sp:0.5_env_num:2_lr:0.04606907413160195,pokec_z,gin,no_attack
0.660061002976872,0.0142474163564609,0.5993954552278841,0.0352362472298201,0.6243569758378799,0.0130985430006825,0.4222102808012439,0.0573698673654614,0.3987428571428571,0.0509825420299609,vanilla_pokec_z_gin_alpha:0.5_lr_sp:0.5_env_num:2_lr:0.04606907413160195,pokec_z,gin,tuned_nifa
0.7207830852606671,0.008284980260949636,0.6626745996665195,0.01194791790237529,0.6613016367887763,0.008861891275688916,0.01858230075163697,0.013304015526337637,0.022857142857142864,0.015118578920369104,edge_adder_pokec_z_gin_alpha:0.5_lr_sp:0.5_env_num:2_lr:0.00017298223341566927,pokec_z,gin,EA Defense
0.7512699183268452,0.0361804989802084,0.6795441860985235,0.0954297638087242,0.6383865939204989,0.0508920544773555,0.0231577630594906,0.0118466414835758,0.0278571428571428,0.0154027561806055,vanilla_pokec_z_sage_alpha:0.5_lr_sp:0.5_env_num:2_lr:0.04962229670358684,pokec_z,sage,no_attack
0.7001064346233112,0.0198345257860575,0.601734644920043,0.0592917229485646,0.6409976617303196,0.0316611845919659,0.3081379364148476,0.0642576602922857,0.3094857142857142,0.0790889759855884,vanilla_pokec_z_sage_alpha:0.5_lr_sp:0.5_env_num:2_lr:0.04962229670358684,pokec_z,sage,tuned_nifa
0.7586060300740401,0.0035825610408235535,0.7102722331192952,0.005549763986195479,0.6823460639127046,0.00553459097983382,0.03630562624757209,0.02463570419167557,0.03202857142857144,0.02095688479732051,edge_adder_pokec_z_sage_alpha:0.5_lr_sp:0.5_env_num:2_lr:0.00012450384838169962,pokec_z,sage,EA Defense
0.7770754598885581,0.0006391947895676,0.7100042276442263,0.0062114919537862,0.7110678098207326,0.002859538009017,0.0348284470652799,0.0049520276470237,0.0332285714285714,0.0051078970472101,vanilla_pokec_z_sgc_alpha:0.5_lr_sp:0.5_env_num:2_lr:0.004480876840832734,pokec_z,sgc,no_attack
0.7138820548049767,0.0073639251992056,0.6575358574756159,0.0260157456131369,0.6625876851130162,0.0091441991432969,0.4497473918681165,0.0159429930468131,0.3762,0.0275144637288411,vanilla_pokec_z_sgc_alpha:0.5_lr_sp:0.5_env_num:2_lr:0.004480876840832734,pokec_z,sgc,tuned_nifa
0.7635101442637967,0.003999516723567944,0.6943455733187074,0.01326785278852986,0.6999610288386593,0.0060032035077828855,0.007027563609363996,0.008060956664882183,0.010714285714285721,0.009737157947674425,edge_adder_pokec_z_sgc_alpha:0.5_lr_sp:0.5_env_num:2_lr:0.0034471148456421234,pokec_z,sgc,EA Defense
