dataset,encoder,model,attack_mode,AUC_mean_clean,AUC_std_clean,F1_mean_clean,F1_std_clean,ACC_mean_clean,ACC_std_clean,DP_mean_clean,DP_std_clean,EO_mean_clean,EO_std_clean,AUC_mean_attacked,AUC_std_attacked,F1_mean_attacked,F1_std_attacked,ACC_mean_attacked,ACC_std_attacked,DP_mean_attacked,DP_std_attacked,EO_mean_attacked,EO_std_attacked,AUC_mean_defended,AUC_std_defended,F1_mean_defended,F1_std_defended,ACC_mean_defended,ACC_std_defended,DP_mean_defended,DP_std_defended,EO_mean_defended,EO_std_defended
bail,gat,vanilla,degree,0.9418414017993528,0.0104810084228694,0.8669837989374753,0.0172379752365218,0.9040474676838312,0.0144564395919578,0.0750779288748048,0.0037047198496622,0.0521947685502935,0.0096221831340051,0.9421040306361408,0.0077053295146812,0.8683969412548818,0.0160702252674413,0.9038143674507312,0.0129422468210115,0.0741669554252587,0.005306487058884,0.0460870891481735,0.0126767939137034,0.918590666354428,0.0112702799293962,0.8264029272377401,0.0195360997817677,0.8734265734265735,0.0176621160114787,0.0712564485424999,0.006653903447496,0.0481766186227407,0.0119386477553514
bail,gat,vanilla,uncertainty,0.9418414017993528,0.0104810084228694,0.8669837989374753,0.0172379752365218,0.9040474676838312,0.0144564395919578,0.0750779288748048,0.0037047198496622,0.0521947685502935,0.0096221831340051,0.9402414838385786,0.0096430118458662,0.8653820664222541,0.018826734280921,0.9007204916295825,0.0148216128912967,0.0708327821758546,0.0044981767389597,0.0432845268054602,0.0086275267181834,0.9127873668775808,0.0067206211859629,0.8240867020653819,0.0098727570078769,0.8747616020343292,0.0094336538087982,0.0705987259635431,0.0074692115453569,0.0535705025547166,0.0110838921097019
bail,gcn,vanilla,degree,0.9047864952108072,0.0013609024549648,0.8086452184190863,0.006611186952455,0.8511337147700784,0.0083360120803254,0.0624292421632595,0.0028369074279794,0.032345001143903,0.0037946100700477,0.9065794578982652,0.0057563138625012,0.8110257817512911,0.0076875251803081,0.8536342445433356,0.0086650177748116,0.0615054902473882,0.0051783423308597,0.0369663692518874,0.0048170245222191,0.9083823119755842,0.0053979942772808,0.8115966991635795,0.0541508137930075,0.8463445645263826,0.0757816495713821,0.041069110115513,0.0098977660352174,0.0261572485319911,0.009637723501043
bail,gcn,vanilla,uncertainty,0.9047864952108072,0.0013609024549648,0.8086452184190863,0.006611186952455,0.8511337147700784,0.0083360120803254,0.0624292421632595,0.0028369074279794,0.032345001143903,0.0037946100700477,0.9016646616034996,0.0130969023830356,0.8043256775877079,0.0109573891662641,0.8487391396482306,0.0102261554223289,0.0638063510595163,0.0078638254909304,0.0384557309540151,0.0115049793414062,0.909290731863362,0.0084491273834477,0.8293874968528154,0.0157956159846591,0.8712862894681075,0.0136009459115518,0.0403018989052574,0.0071308002026164,0.0253443148021047,0.0079557089318677
bail,gin,vanilla,degree,0.8535745416670493,0.0104898751338443,0.7442040466355178,0.018288231266226,0.7910998092816274,0.0207882486030241,0.0943118571227279,0.012848756758887,0.0624449020056432,0.009313402030678,0.8509983990106316,0.0059279678259834,0.746323986070718,0.021673136297478,0.7972027972027973,0.0268884432109459,0.0944258568581723,0.0062680444926201,0.0655189506596507,0.0092101090107057,0.8550376255460354,0.0133376209265925,0.7411631523368918,0.030109284409144,0.7859927950837042,0.0368581435212308,0.1030705522310375,0.0130078446896177,0.0709380004575612,0.0188089244076964
bail,gin,vanilla,uncertainty,0.8535745416670493,0.0104898751338443,0.7442040466355178,0.018288231266226,0.7910998092816274,0.0207882486030241,0.0943118571227279,0.012848756758887,0.0624449020056432,0.009313402030678,0.8662007955968202,0.0101925445629819,0.7517598777984953,0.0289432605862135,0.7969908878999789,0.0380588163943948,0.0893150813939779,0.0167087509519088,0.0678860672614962,0.0089797273831085,0.859009162067266,0.0146834378237272,0.745306561079645,0.0266269192904841,0.7899131171858444,0.0289471830776251,0.103192693520976,0.0196955133621426,0.0700061008159841,0.0146445809417291
bail,sage,vanilla,degree,0.915550967634301,0.0058056492434387,0.8260085136502611,0.0164366625858244,0.8720067810976901,0.0219740853330201,0.0243741606830135,0.0192734670412319,0.0140334019675131,0.0093271903480594,0.9162253136163686,0.0083486284749182,0.8240112767039012,0.0210929590787326,0.8727484636575547,0.0233539530955891,0.0231315941199644,0.022469064131335,0.0190429344924883,0.0142588785745811,0.9191690543754764,0.0074476059331486,0.8332080586666031,0.0067265621267602,0.8801229073956346,0.0088582397633741,0.0173181108430408,0.0117474336696307,0.0172492945931518,0.0085253463014917
bail,sage,vanilla,uncertainty,0.915550967634301,0.0058056492434387,0.8260085136502611,0.0164366625858244,0.8720067810976901,0.0219740853330201,0.0243741606830135,0.0192734670412319,0.0140334019675131,0.0093271903480594,0.9170736772705428,0.0043299543376761,0.8202287054861117,0.0153247558507396,0.8671752489934308,0.0187847288048973,0.0381166194109037,0.0221005661498778,0.0195927705330588,0.0083409945549474,0.9221016792786672,0.0085553215889598,0.8281159563901085,0.0226123792477397,0.8719220173765627,0.027718870856639,0.0352892893806811,0.0199850657613293,0.0235583009227484,0.0182389709884713
bail,sgc,vanilla,degree,0.88765248428857,0.0015636559472076,0.7873150039795429,0.005932931051207,0.8347955075227803,0.0073188209015118,0.0437672356528915,0.0038570871841986,0.0236879432624113,0.0061663158182481,0.8865173851221252,0.0047931328604541,0.7878835658113761,0.0039147579231188,0.8363212545030727,0.0036755117263443,0.0417587159564403,0.00593023495836,0.0247708380995957,0.0053992639381131,0.8954829638507009,0.0047474049417215,0.7926687135391531,0.0171123540124328,0.8404322949777494,0.0223431203838543,0.0316788065092177,0.0045745905395691,0.0235338976588118,0.0037171633968748
bail,sgc,vanilla,uncertainty,0.88765248428857,0.0015636559472076,0.7873150039795429,0.005932931051207,0.8347955075227803,0.0073188209015118,0.0437672356528915,0.0038570871841986,0.0236879432624113,0.0061663158182481,0.8869768468774586,0.0040355859266763,0.7852068362215704,0.0097523919890012,0.8328035600762874,0.0108509151214173,0.0440866613659695,0.0054808965808219,0.0252352627163882,0.0072979580421001,0.899359814707674,0.0015954196016978,0.8039541235153956,0.0033052113320844,0.8529985166348801,0.0029302543774657,0.0367659840461476,0.003000836582161,0.0271204148554869,0.0027691758699727
german,gat,vanilla,degree,0.566487619047619,0.0289083778392536,0.5521472116887732,0.171487562305505,0.5187999999999999,0.0837529700965882,0.0612656846699399,0.0462395735637986,0.0763655462184873,0.0380856627496861,0.5358552380952382,0.026974262966484,0.5368168311967758,0.1094714358661297,0.4916,0.0567506828152754,0.1408210583742498,0.0929983768907413,0.1932773109243697,0.1128162996981343,0.521512380952381,0.0390649087854137,0.4768329148201095,0.1510694570006804,0.4612000000000001,0.0799409782276899,0.103709765411893,0.109118609918569,0.1310924369747899,0.1216954265858715
german,gat,vanilla,uncertainty,0.566487619047619,0.0289083778392536,0.5521472116887732,0.171487562305505,0.5187999999999999,0.0837529700965882,0.0612656846699399,0.0462395735637986,0.0763655462184873,0.0380856627496861,0.5735657142857142,0.0424535474988615,0.590143332592707,0.1175947027812811,0.536,0.0729712272063448,0.1928259683578832,0.1451453612070239,0.1826680672268907,0.1579284627730517,0.5421257142857143,0.0217142242271477,0.6109264395243987,0.1387248610787872,0.5483999999999999,0.0933715159992596,0.0931942171303873,0.0889297993763618,0.0911764705882352,0.0854189900177935
german,gcn,vanilla,degree,0.7426971428571428,0.0117600413407267,0.7603773916005582,0.0689067877678036,0.69,0.0502553479741211,0.320430987452264,0.0914229732964241,0.2581932773109243,0.09350840100138,0.7360685714285714,0.0153308585994661,0.6564605699808375,0.1278417287043635,0.6152,0.0833844110130904,0.25740589198036,0.098309802349562,0.2170168067226891,0.0940395365396734,0.7185066666666666,0.0082755063556363,0.6925130109252129,0.1172479143123869,0.6344000000000001,0.0832192285472534,0.0940534642662302,0.0410486229317351,0.0410714285714285,0.0284291517464125
german,gcn,vanilla,uncertainty,0.7426971428571428,0.0117600413407267,0.7603773916005582,0.0689067877678036,0.69,0.0502553479741211,0.320430987452264,0.0914229732964241,0.2581932773109243,0.09350840100138,0.7360228571428571,0.0126300761870147,0.6745598108747133,0.1412580288669804,0.6300000000000001,0.0948303748806256,0.255646481178396,0.1002702538733612,0.1977941176470588,0.1096268833131152,0.7046019047619048,0.0208636027395648,0.6835623950473624,0.0721935322910883,0.6244,0.0526558638709878,0.0799781778505182,0.0341688388982539,0.0311974789915966,0.0246078720332585
german,gin,vanilla,degree,0.6833980952380952,0.026715822992862,0.6241708656045063,0.2247602965699149,0.5971999999999998,0.1152673414285243,0.2503818876159301,0.104912902149251,0.228781512605042,0.1085372276178565,0.6813866666666666,0.0195391304346071,0.6853185646965342,0.1060344589542926,0.6216000000000002,0.0707265155369611,0.2896481178396072,0.0921341790856968,0.2626050420168067,0.1180973151649231,0.6599009523809525,0.0218377588909367,0.7090121337543632,0.1904436975624,0.6432,0.1070894952831509,0.1550600109110747,0.0991793108892742,0.1223739495798319,0.103304164087292
german,gin,vanilla,uncertainty,0.6833980952380952,0.026715822992862,0.6241708656045063,0.2247602965699149,0.5971999999999998,0.1152673414285243,0.2503818876159301,0.104912902149251,0.228781512605042,0.1085372276178565,0.6806704761904763,0.0207262407537477,0.6221709338669876,0.1535192246078207,0.5808,0.085954406518805,0.2199399890889252,0.1248439294092457,0.203781512605042,0.1281908603921785,0.6639999999999999,0.0093660379385664,0.6955543083157343,0.0415346620517566,0.6148,0.0335165630696227,0.1548145117294053,0.0865958610659138,0.1387605042016807,0.0733843857902984
german,sage,vanilla,degree,0.6255085714285715,0.0724812361925484,0.5717136659433394,0.3285433845160603,0.574,0.1763383112088805,0.0828423349699945,0.0798887310748484,0.0503151260504201,0.065301082899637,0.6586438095238095,0.0673169400398334,0.5899233583331951,0.2786519645174743,0.5824,0.1564731286834899,0.1114975450081833,0.1071936437125518,0.0973739495798319,0.1062068295013257,0.6035047619047618,0.0797027766624836,0.4892229740227668,0.3352109710389796,0.5284,0.1809525904760691,0.0458947081287506,0.0504189229951383,0.0385504201680672,0.0319370919790579
german,sage,vanilla,uncertainty,0.6255085714285715,0.0724812361925484,0.5717136659433394,0.3285433845160603,0.574,0.1763383112088805,0.0828423349699945,0.0798887310748484,0.0503151260504201,0.065301082899637,0.6055238095238095,0.0750292556696999,0.4756987764982993,0.3216006483852733,0.5179999999999999,0.1700470523119998,0.069899072558647,0.0703779188553795,0.0570378151260504,0.0603695579634769,0.6292342857142857,0.0809138053971933,0.5541927935384922,0.2890935467802549,0.5555999999999999,0.1554703830316244,0.0916803055100927,0.0707846197927506,0.0826680672268907,0.0832606917462087
german,sgc,vanilla,degree,0.6979123809523808,0.0118986230267191,0.6348553159630883,0.1858095104731201,0.5972000000000001,0.1173855186980063,0.2471085651936716,0.0796849540971497,0.1836134453781512,0.0572123280129488,0.6878933333333332,0.0185497195705251,0.5729335110437918,0.1696694758878121,0.5539999999999999,0.1015598345804087,0.209683578832515,0.0902758786279839,0.1821428571428571,0.0743385848396425,0.6651657142857144,0.0197208285439037,0.6869785453255731,0.1195340950829805,0.6159999999999999,0.0767749959296644,0.1275231860338243,0.0865208066246063,0.0798319327731092,0.0564594733209104
german,sgc,vanilla,uncertainty,0.6979123809523808,0.0118986230267191,0.6348553159630883,0.1858095104731201,0.5972000000000001,0.1173855186980063,0.2471085651936716,0.0796849540971497,0.1836134453781512,0.0572123280129488,0.6808990476190477,0.0361785692693397,0.6007741295682549,0.1641862989814379,0.5732,0.0980457036284609,0.2216721222040371,0.1047414523456991,0.1762605042016806,0.0756693409723825,0.6682209523809524,0.021739325913111,0.6436134478913447,0.1115446795426268,0.5896,0.0766331520948995,0.1726268412438625,0.0304335778175736,0.1097689075630252,0.0368673537013829
nba,gat,vanilla,degree,0.6394871794871795,0.0555116361572008,0.590631429891868,0.040011335095956,0.6025316455696202,0.0335860738263838,0.1383572567783094,0.0700386970635225,0.2133333333333333,0.0933333333333333,0.6035897435897436,0.0595872555639293,0.5543148384321667,0.0556503593441487,0.5670886075949367,0.0415220745996372,0.1726475279106858,0.1100410568138448,0.2566666666666667,0.1673652028084426,0.621474358974359,0.0382099140867493,0.618713930487442,0.0425293522717147,0.5886075949367089,0.0384984970272039,0.114274322169059,0.0655791912686468,0.13,0.0752034278178565
nba,gat,vanilla,uncertainty,0.6394871794871795,0.0555116361572008,0.590631429891868,0.040011335095956,0.6025316455696202,0.0335860738263838,0.1383572567783094,0.0700386970635225,0.2133333333333333,0.0933333333333333,0.6505769230769232,0.0359208371526729,0.6384537727709338,0.0351926556747554,0.6253164556962025,0.0248049594205891,0.1175438596491228,0.0673824353506138,0.1566666666666666,0.0597215762238963,0.6156410256410256,0.0358403850682563,0.5761720129408532,0.0412505513162795,0.5683544303797469,0.0249659277510329,0.119377990430622,0.0924854584643994,0.2599999999999999,0.118133634311129
nba,gcn,vanilla,degree,0.6726282051282052,0.0071442012917683,0.6028538914465907,0.0177364722640478,0.6075949367088607,0.009805021129639,0.3,0.0354802603792222,0.2799999999999999,0.0599999999999999,0.6693589743589744,0.0232698488298224,0.597263542207106,0.021814818514024,0.6088607594936709,0.0262181204774784,0.3893141945773525,0.0775058903772747,0.37,0.0822597511950204,0.6809615384615386,0.0218081595994493,0.619540798391445,0.0335726858230243,0.6113924050632911,0.0259725120616242,0.4290271132376396,0.1097260857924147,0.39,0.0869865890046659
nba,gcn,vanilla,uncertainty,0.6726282051282052,0.0071442012917683,0.6028538914465907,0.0177364722640478,0.6075949367088607,0.009805021129639,0.3,0.0354802603792222,0.2799999999999999,0.0599999999999999,0.6755128205128205,0.0116687797466489,0.5970617774499754,0.0212893634065538,0.6088607594936708,0.0215189873417721,0.3389154704944178,0.0771103925031246,0.2766666666666666,0.1291424708520701,0.6940384615384615,0.017907576474792,0.657816397495203,0.0264649080156611,0.6455696202531644,0.0211812664945335,0.283732057416268,0.0860998842767506,0.18,0.1334998959633385
nba,gin,vanilla,degree,0.6063461538461539,0.0111562405328626,0.57492207270038,0.0703921218308164,0.5683544303797469,0.0327405497629811,0.0854066985645933,0.063160160173956,0.1566666666666666,0.0715697018452796,0.5817948717948718,0.059249081418324,0.4946278982425614,0.2197884863517046,0.5569620253164558,0.0400288311413718,0.0814194577352472,0.0550533287121385,0.1166666666666666,0.077817450199525,0.6005128205128205,0.0243771861744883,0.4998067695341304,0.160930044093838,0.5670886075949367,0.0383107492415735,0.0728867623604465,0.0548725467834123,0.1299999999999999,0.0982626864865578
nba,gin,vanilla,uncertainty,0.6063461538461539,0.0111562405328626,0.57492207270038,0.0703921218308164,0.5683544303797469,0.0327405497629811,0.0854066985645933,0.063160160173956,0.1566666666666666,0.0715697018452796,0.5877564102564102,0.0605851981866547,0.5002683927982048,0.2363224555932661,0.540506329113924,0.0463540086673431,0.0827751196172249,0.07321668617565,0.1033333333333333,0.0849182613523799,0.6142948717948717,0.0185078878647724,0.5663136110435723,0.0833372812568492,0.568354430379747,0.0279915751740455,0.0636363636363636,0.0362375047440411,0.1333333333333333,0.1324973794290119
nba,sage,vanilla,degree,0.6378846153846154,0.0187272763903174,0.5751761734175085,0.0350280968097535,0.5746835443037974,0.0162104411074249,0.069377990430622,0.0452989867333081,0.0566666666666666,0.0578311719096582,0.6311538461538462,0.0245458419359473,0.5323641192231129,0.0740171914387735,0.5632911392405064,0.0376568981788443,0.0761562998405103,0.0761621447860147,0.1233333333333333,0.0760847480700888,0.6392948717948718,0.0184456172444637,0.561819062965746,0.045536414793861,0.569620253164557,0.0277327877217805,0.0585326953748006,0.0394478190838148,0.0999999999999999,0.0614636297152859
nba,sage,vanilla,uncertainty,0.6378846153846154,0.0187272763903174,0.5751761734175085,0.0350280968097535,0.5746835443037974,0.0162104411074249,0.069377990430622,0.0452989867333081,0.0566666666666666,0.0578311719096582,0.6315384615384615,0.0249750039404951,0.5538704048582498,0.0424882972211174,0.5746835443037974,0.0241503595295429,0.0700956937799043,0.0521307303625637,0.0799999999999999,0.0702376916856849,0.6501923076923076,0.0264830494210989,0.5734167638462059,0.0500523773411136,0.579746835443038,0.033394698628539,0.033652312599681,0.0416551993865867,0.0833333333333333,0.0636832439151426
nba,sgc,vanilla,degree,0.6825641025641026,0.0027764625420138,0.5794754751968985,0.0164319042886373,0.589873417721519,0.0171704556534816,0.2923444976076556,0.0350608857812209,0.1866666666666666,0.065319726474218,0.6651923076923076,0.0202447426637802,0.5573941537502453,0.0398681676050758,0.5911392405063292,0.0305113184637821,0.3859649122807017,0.0876656353182917,0.2766666666666666,0.1145522685162638,0.6791666666666666,0.021533596062173,0.6170352353241161,0.0399376897223967,0.6088607594936709,0.0409978094701307,0.4136363636363637,0.096470169186293,0.3033333333333334,0.1242309676905614
nba,sgc,vanilla,uncertainty,0.6825641025641026,0.0027764625420138,0.5794754751968985,0.0164319042886373,0.589873417721519,0.0171704556534816,0.2923444976076556,0.0350608857812209,0.1866666666666666,0.065319726474218,0.6896153846153846,0.0214849763266812,0.603861217183499,0.0432229451892812,0.6088607594936708,0.0243156616611374,0.3038277511961723,0.0535787850964702,0.2033333333333333,0.054670731556189,0.6985897435897435,0.0189071053437228,0.6560872077984179,0.0277102834804232,0.6354430379746836,0.020253164556962,0.2486443381180222,0.0740071425551618,0.12,0.0635959467611297
pokec_n,gat,vanilla,degree,0.7556281214937497,0.00438513496165,0.672946344310918,0.0117440293331574,0.6910000000000001,0.0105818338019253,0.0111038584479363,0.008924661296802,0.0112703946450983,0.0083455432421066,0.7522355190822767,0.0056765539807759,0.6524701159435797,0.0232983941394099,0.6903636363636364,0.0047621094013486,0.0161517120176006,0.0108436960793095,0.0319413510767575,0.0161640994757404,0.7505012593541383,0.0048004517697193,0.6567236793862001,0.0135266137448151,0.6905909090909091,0.0077487668973683,0.023766728205358,0.0198527383537132,0.0302826862163077,0.0247905701700033
pokec_n,gat,vanilla,uncertainty,0.7556281214937497,0.00438513496165,0.672946344310918,0.0117440293331574,0.6910000000000001,0.0105818338019253,0.0111038584479363,0.008924661296802,0.0112703946450983,0.0083455432421066,0.7509871284408831,0.0059540140268123,0.6638167652739554,0.011723305179243,0.6883636363636364,0.0072818125070911,0.0162979481188677,0.0091513810547654,0.0319062892204713,0.0149062546224002,0.754445263603838,0.0054791395564093,0.6634918992972547,0.0190697332932101,0.6905454545454546,0.0118806043756443,0.0204597939434348,0.0204212845357647,0.0277490686694424,0.011593610938177
pokec_n,gcn,vanilla,degree,0.7548425145380107,0.0113039678216091,0.6294498512790485,0.0868458433430109,0.6826818181818182,0.0269346086011263,0.0155691021607644,0.0135130528937317,0.0259330238858896,0.0146343308046904,0.7569472163474427,0.0043378590587058,0.6757775859879745,0.009239568654363,0.6818181818181819,0.0157590325666906,0.0362878441941186,0.0395074422479332,0.0497025718668446,0.0293580073727851,0.7494157076709727,0.0111329535831802,0.6459438933798646,0.026013383540581,0.685590909090909,0.0150454545454545,0.0303581850661751,0.0187497892364626,0.0438161643126083,0.0240507140845277
pokec_n,gcn,vanilla,uncertainty,0.7548425145380107,0.0113039678216091,0.6294498512790485,0.0868458433430109,0.6826818181818182,0.0269346086011263,0.0155691021607644,0.0135130528937317,0.0259330238858896,0.0146343308046904,0.7564721866425719,0.0047938250216097,0.6526844048451306,0.0349597906040193,0.6942727272727274,0.0076983415623053,0.0282271160578631,0.0257212960881768,0.0448353487260194,0.0335107986303352,0.7564979198316006,0.002654938724869,0.6345067696056993,0.0365695928254205,0.6955454545454546,0.00697338505846,0.0176829888940871,0.0124858562856954,0.0276661951909476,0.0120985596392906
pokec_n,gin,vanilla,degree,0.6987033286004124,0.0104955556973937,0.6243562003189816,0.0152391429747249,0.6372272727272728,0.0211218914285785,0.022133291498229,0.0214275262777281,0.0169771101858676,0.0146532030463013,0.6725093417268211,0.0124102574665769,0.6102415299845229,0.0113391722793071,0.6182272727272726,0.0259373450408594,0.0661552138399489,0.0840983447299377,0.0540263362352331,0.0669153786063392,0.670756009651187,0.0168548845519459,0.60593430840703,0.028412536121768,0.6172727272727272,0.0301045011872898,0.0467137498354143,0.0394176746814057,0.0504265195131183,0.0534669933199119
pokec_n,gin,vanilla,uncertainty,0.6987033286004124,0.0104955556973937,0.6243562003189816,0.0152391429747249,0.6372272727272728,0.0211218914285785,0.022133291498229,0.0214275262777281,0.0169771101858676,0.0146532030463013,0.6789140925203301,0.0166116957585515,0.6151636659278716,0.025127282293248,0.6287727272727273,0.0234714966933255,0.0385130421871541,0.0191948909938835,0.0344681953104767,0.0226747082493444,0.6682254690721819,0.0111234024389901,0.6047386197632183,0.0218233709215217,0.6202272727272726,0.021882717056735,0.0409023122299511,0.023972289791322,0.0330828535569854,0.0209064147640928
pokec_n,sage,vanilla,degree,0.7331814165003524,0.0060958827522641,0.6705415825026046,0.0079454608348464,0.6567272727272727,0.0206303555531147,0.0139346382524132,0.0127810170262847,0.0227918003067912,0.0137582631216406,0.7329893277597397,0.0088915312812995,0.6604081992289154,0.0161721314334414,0.6637727272727272,0.017445369273561,0.0183087412022549,0.0133876724782504,0.0326788453493236,0.0212990852807461,0.7261855884212233,0.003205898244442,0.6622696862681317,0.0086981905755971,0.6615454545454545,0.0055342659109907,0.0457941245957729,0.0229082732834917,0.0611092296352372,0.0287533468511106
pokec_n,sage,vanilla,uncertainty,0.7331814165003524,0.0060958827522641,0.6705415825026046,0.0079454608348464,0.6567272727272727,0.0206303555531147,0.0139346382524132,0.0127810170262847,0.0227918003067912,0.0137582631216406,0.7299663813675162,0.0070409793912474,0.6671531195831164,0.0115601725302607,0.6542727272727273,0.013909685073465,0.0199196728644252,0.0121501199401612,0.0293439847002808,0.0202617286467239,0.7228686961961217,0.006458198533515,0.6528933857185304,0.0109940846805564,0.6617727272727273,0.0171122328290814,0.0496677004046239,0.0139677736391793,0.0609052333804809,0.018548669742082
pokec_n,sgc,vanilla,degree,0.7550988948795091,0.0008759590407647,0.6740779410554911,0.0123396104816454,0.7001363636363636,0.0054623050866373,0.0123154889804654,0.0063127510050203,0.0195103293025479,0.0080059782131513,0.7503078053478697,0.0039224450410032,0.6682072960324982,0.0107364139030514,0.6856363636363636,0.0100560413156544,0.0400079934931471,0.0150808025558494,0.0545749746000757,0.0367025167912061,0.7470214867991222,0.0041453471178784,0.6581252950152934,0.0171853825552437,0.6854545454545453,0.0092508654944655,0.0283513140238179,0.0076808929993947,0.0455497340478514,0.0240994423939713
pokec_n,sgc,vanilla,uncertainty,0.7550988948795091,0.0008759590407647,0.6740779410554911,0.0123396104816454,0.7001363636363636,0.0054623050866373,0.0123154889804654,0.0063127510050203,0.0195103293025479,0.0080059782131513,0.7494139286884515,0.0035225383979851,0.668825800291462,0.0133109162140273,0.6828181818181818,0.0132580865702458,0.0370927964245926,0.0202848729186852,0.0470482299739028,0.024954157714493,0.7455400494474398,0.0042964579049451,0.6629192510667508,0.0151248504079238,0.6793636363636364,0.0117360784417148,0.0353444999444377,0.0198658534748399,0.0411765643365141,0.0209209236020512
pokec_z,gat,vanilla,degree,0.7878080146553699,0.0025949739858483,0.6936801359779244,0.0290215243026834,0.7108729540140296,0.0071039841504676,0.0375466074109146,0.0099681419399851,0.0396,0.0132296512981026,0.7832212197542172,0.003133666820702,0.7119502459250269,0.0175371645443562,0.7082229150428683,0.0065142484847479,0.0573327648081092,0.0125482697647272,0.0461714285714285,0.0074584016452615,0.783425082054805,0.0027287871180221,0.7034252325464665,0.0171247546222562,0.7091971940763834,0.0059609318176146,0.0396717170358493,0.0214343990237242,0.0306285714285714,0.0194742320589468
pokec_z,gat,vanilla,uncertainty,0.7878080146553699,0.0025949739858483,0.6936801359779244,0.0290215243026834,0.7108729540140296,0.0071039841504676,0.0375466074109146,0.0099681419399851,0.0396,0.0132296512981026,0.7846222425769025,0.0028808314159389,0.7062339037225396,0.0190225175161252,0.709236165237724,0.0085478425280115,0.0577414035219868,0.0208980002017214,0.0496,0.0174375620838628,0.7833386764369132,0.0055206099624034,0.691768409232804,0.0128331953900388,0.7083787996882307,0.0050453733744418,0.0390313191040616,0.0141367331496681,0.0303142857142857,0.0143361680474844
pokec_z,gcn,vanilla,degree,0.7787202503625676,0.0071291542410892,0.6887748662048212,0.0362277901952453,0.7083787996882307,0.0135550752520084,0.0487311754483188,0.0078620849788459,0.0295714285714285,0.0067808253064604,0.7798512785283565,0.0043530303126252,0.7014915441883085,0.0283681774431907,0.7094310210444271,0.0123867002496143,0.0815936371804735,0.020611796902198,0.0612571428571428,0.0207276607065859,0.7763822608961148,0.0032142977998132,0.6925614489805827,0.0274519876865756,0.7017926734216681,0.0099002091593151,0.0876842102431386,0.0181822421903181,0.0769142857142857,0.0226363622951918
pokec_z,gcn,vanilla,uncertainty,0.7787202503625676,0.0071291542410892,0.6887748662048212,0.0362277901952453,0.7083787996882307,0.0135550752520084,0.0487311754483188,0.0078620849788459,0.0295714285714285,0.0067808253064604,0.7823693458514617,0.0032640742828539,0.6956986247886102,0.0208102964339911,0.7096258768511301,0.0045596258768511,0.0754418624671125,0.0212316871741713,0.0595714285714285,0.0190133143467671,0.7773085108007022,0.0029486994235904,0.6855699541177305,0.0318289864805207,0.7030397505845675,0.008383782889805,0.0745445521115241,0.0122377991408512,0.0694571428571428,0.0183665401183338
pokec_z,gin,vanilla,degree,0.7185193801999847,0.010580137717478,0.64653070532858,0.0272425561986309,0.6524551831644583,0.0128377890886333,0.0494612909647532,0.0144985551898014,0.0484571428571428,0.0166868884127017,0.7029548584077551,0.0152170972075117,0.6349169146007891,0.0369427063744369,0.6457131722525331,0.0130077890716063,0.0428384653047169,0.0358267655695031,0.0479142857142857,0.0364706311814795,0.6898535989619113,0.0216489459457137,0.6228688438631566,0.0307990620385383,0.6280202650038971,0.0240558154792392,0.0225005514874018,0.014049881955318,0.0235428571428571,0.0135165507011642
pokec_z,gin,vanilla,uncertainty,0.7185193801999847,0.010580137717478,0.64653070532858,0.0272425561986309,0.6524551831644583,0.0128377890886333,0.0494612909647532,0.0144985551898014,0.0484571428571428,0.0166868884127017,0.7100210365620944,0.0098779750578254,0.631717929593354,0.0637155624636475,0.6438035853468433,0.0153112530058823,0.0576280123317963,0.0290564575245713,0.0682,0.0260586622364046,0.7026979619876346,0.0073581535742065,0.6245668609897577,0.0363906223954103,0.6392049883086517,0.0057323385840052,0.0276354372353532,0.0217670862461335,0.0288857142857142,0.0216119581411281
pokec_z,sage,vanilla,degree,0.760128967254408,0.0128567123866877,0.6743669287193503,0.0522286717901814,0.6729540140296181,0.0380717730296522,0.0309201500045733,0.0212308904225817,0.0395428571428571,0.015829809131599,0.7340660102282268,0.0371543480668283,0.5935625785545601,0.1344543527733489,0.63141075604053,0.0442722684389615,0.0395844206154061,0.0240679042585582,0.0438285714285714,0.0238410381913375,0.7461920769406916,0.0273559268154736,0.6271405621557447,0.0852915277563089,0.6492205767731878,0.0458080929038814,0.022397248481392,0.0175892031307047,0.0135714285714285,0.0114665440588287
pokec_z,sage,vanilla,uncertainty,0.760128967254408,0.0128567123866877,0.6743669287193503,0.0522286717901814,0.6729540140296181,0.0380717730296522,0.0309201500045733,0.0212308904225817,0.0395428571428571,0.015829809131599,0.7338608961148003,0.0410180429672721,0.5559006844423771,0.1901133447843883,0.6308261886204208,0.0675196148902135,0.042477442820172,0.0256527729784052,0.0451428571428571,0.0244512008803207,0.7429214869093961,0.0336568703050123,0.6468414765034894,0.0503107643409932,0.643141075604053,0.0610505476579484,0.0117039077590242,0.0113432579342968,0.0135714285714285,0.0114679678110067
pokec_z,sgc,vanilla,degree,0.7743172276925425,0.0012605467081941,0.7107105934132546,0.0114257355998217,0.7052611067809821,0.0105927745837863,0.0332207940342514,0.004350509116461,0.0308571428571428,0.0109402831735914,0.7695653156247615,0.0015255268508479,0.7064368605920535,0.0049802460158181,0.7026110678098207,0.0060133145992169,0.0926348184933902,0.0095617236309337,0.0724857142857142,0.0097996667998333,0.7670596443019616,0.0020543666682236,0.6982934521561659,0.0207739140369742,0.6979734996102884,0.0064907753224386,0.0781693039421933,0.0146078033197672,0.0788,0.0151799007821231
pokec_z,sgc,vanilla,uncertainty,0.7743172276925425,0.0012605467081941,0.7107105934132546,0.0114257355998217,0.7052611067809821,0.0105927745837863,0.0332207940342514,0.004350509116461,0.0308571428571428,0.0109402831735914,0.77194180596901,0.0031438479943552,0.7098567143548313,0.0081674224957144,0.697700701480904,0.0131893633647364,0.0878520776279047,0.0139287885230057,0.0725142857142857,0.0157826047357493,0.7677467674223342,0.0025650680846659,0.7045240475139448,0.0111648059678094,0.6953234606391272,0.0152603822743703,0.0727046018260958,0.0226107367165274,0.0791714285714285,0.0219224793771328
